barren	6
reefs	5
islands	7
coral	5
outcrops	8
overlapping	11
believed	8
rich	4
oil	3
gas	3
flashpoint	10
claims	6
long	4
feared	6
asia	4
conflict	8
armed	5
flexed	6
china	5
philippines	11
muscles	7
wednesday	9
ambassador	10
del	3
rosario	7
warned	6
challenged	10
prepared	8
sovereignty	11
secure	6
vessels	7
philippine	10
navy	4
sending	7
additional	10
shoal	5
lies	4
kilometers	10
miles	5
nearest	7
coast	5
official	8
told	4
associated	10
press	5
spoke	5
anonymity	9
condition	9
authority	9
lack	4
discuss	7
situation	9
media	5
standoff	8
began	5
sunday	6
surveillance	12
spotted	7
plane	5
chinese	7
anchored	8
fishing	7
lagoon	6
scarborough	11
foreign	7
affairs	7
department	10
bracing	7
market	6
euros	5
cash	4
explanation	11
n't	3
put	3
number	6
low	3
london-based	12
analyst	7
banking	7
named	5
lenders	7
spanish	7
aside	5
set	3
provisions	10
top	3
ordered	7
february	8
performing	10
loans	5
defaults	8
bad	3
recession	9
rise	4
unemployment	12
percent	7
government	10
source	6
euro	4
impact	6
capital	7
estimated	9
added	5
rescue	6
systemic	8
lender	6
bankia	6
sa	2
smaller	7
banks	5
make	4
investors	9
figure	6
viewed	6
appetite	8
western	7
powers	6
repeat	6
intervention	12
military	8
libyan	6
helped	6
rebels	6
topple	6
long-time	9
ruler	5
arming	6
moammar	7
gadhafi	7
year	4
moscow	6
opponents	9
assad	5
inconclusive	12
lead	4
years	5
bloodshed	9
fierce	6
clashes	7
regime	6
syrian	6
forces	6
wounded	7
central	7
city	4
rastan	6
monday	6
left	4
soldiers	8
dead	4
dozens	6
observatory	11
human	5
rights	6
monitoring	10
britain-based	13
indicated	9
group	5
initial	7
reports	7
troop	5
destroyed	9
carriers	8
dawn	4
outskirts	9
rebel-held	10
province	8
located	7
homs	4
lieutenant	10
defected	8
killed	6
launched	8
offensive	9
sharp	5
weekend	7
met	3
resistance	10
ouster	6
seeking	7
president	9
bashar	6
al-assad	8
presumptive	11
however	7
trip	4
republican	10
nominee	7
presidential	12
struck	6
mitt	4
romney	6
somber	6
tone	4
release	7
pleased	7
obama	5
returned	8
afghanistan	11
deserve	7
troops	6
american	8
people	6
hear	4
stake	5
war	3
vital	5
success	7
nation	6
security	8
tragedy	7
strategic	9
setback	7
taliban	7
america	7
sanctuary	9
power	5
created	7
terrorists	10
tolerated	9
lost	4
thousands	9
september	9
sacrificed	10
many	4
brave	5
americans	9
win	3
fight	5
future	6
injured	7
man	3
drive	5
car	3
cloverhill	10
prison	6
summoned	8
assistance	10
tallaght	8
general	7
hospital	8
injuries	8
thought	7
threatening	11
life	4
witnesses	9
describe	8
scene	5
shooting	8
saloon	6
silver	6
leaving	7
area	4
discovered	10
pm	2
inchicore	9
fire	4
golden	6
bridge	6
terrace	7
removed	7
forensic	8
examination	11
technical	9
gardai	6
sarsfield	9
road	4
ballyfermot	11
contact	7
ex-soviet	9
authorities	11
leader	6
mikhail	7
gorbachev	9
russian	7
annul	5
parliamentary	13
election	8
vote	4
results	7
hold	4
village	7
residents	9
fled	4
looting	7
setting	7
houses	6
shops	5
shelling	8
reported	8
nearby	6
hayaleen	8
revolution	10
punish	6
villages	8
end	3
quickly	7
northern	8
lebanon	7
gunbattles	10
running	7
primarily	9
broke	5
saturday	8
continued	9
morning	7
neighborhood	12
populated	9
sunni	5
muslims	7
opposed	7
backers	7
alawite	7
sect	4
highlights	10
fighting	8
trouble	7
easily	6
syria	5
neighboring	11
raise	5
tensions	8
complex	7
shares	6
sectarian	9
web	3
political	9
rivalries	9
ties	4
duck	4
embassy	7
duck	4
cover	5
drill	5
not	3
avoid	5
twitter	7
karzai	6
pact	4
including	9
country	7
leads	5
countries	9
hoping	6
stability	9
prosperity	10
development	11
region	6
nor	3
decade	6
afghan	6
asked	5
stood	5
've	3
ceremony	8
signing	7
forward	7
peace	5
long-term	9
're	3
agreeing	8
headed	6
partners	8
home	4
air	3
force	5
hours	5
ground	6
possibility	11
agreed	6
month	5
sees	4
pursue	6
staying	7
train	5
remnants	8
al-qaeda	8
officially	10
putin	5
registered	10
presidency	10
run	3
unusually	9
march	5
sustained	9
protests	8
indignation	11
past	4
days	4
showed	6
opposition	10
suggested	9
retake	6
job	3
held	4
smoothly	8
expected	8
condemned	9
union	5
journalists	11
violence	8
police	6
probe	5
called	6
describing	10
attacks	7
arrests	7
attempt	7
gag	3
intimidate	10
society	7
more	4
rallies	7
pro-putin	9
gathering	9
attracted	9
tiring	6
russians	8
united	6
russia	6
party	5
overshadowed	12
strongly	8
reputation	10
dozen	5
earned	6
corruption	10
assault	7
raises	6
concern	7
fresh	5
resilience	10
insurgency	10
anniversary	11
nato	4
osama	5
bin	3
laden	5
death	5
winds	5
combat	6
presence	8
responsibility	14
hands	5
riposte	7
signed	6
partnership	11
deal	4
kabul	5
govern	6
afghan-us	9
relations	9
insurgents	10
dismissed	9
illegitimate	12
commander-in-chief	18
election-year	13
address	7
presented	9
capable	7
ending	6
wars	4
withdrawal	10
us	2
crushing	8
iraq	4
conjure	7
exhausted	9
public	6
recalling	9
time	4
decade-long	11
plotted	7
dark	4
cloud	5
uk-based	8
shelled	7
sources	7
army	4
rebel	5
town	4
control	7
january	7
reportedly	10
bombardment	11
shells	6
rockets	7
hitting	7
gmt	3
rate	4
minute	6
member	6
declined	8
free	4
reuters	7
satellite	9
news	4
agency	6
phone	5
neighbouring	12
al	2
jazeera	7
rula	4
amin	4
reporting	9
beirut	6
armoured	8
vehicles	8
carrying	8
attacked	8
heading	7
stronghold	10
national	8
sniper	6
nna	3
soldier	7
shot	4
early	5
shell	5
found	5
side	4
died	4
residential	11
landed	6
reporter	8
reinforcements	14
tripoli	7
lebanese	8
intermittent	12
gunmen	6
automatic	9
rifles	6
rocket-propelled	16
heavier	7
weapons	7
grenades	8
fired	5
sharply	7
split	5
lines	5
sects	5
religious	9
fragile	7
precisely	9
fault	5
line	4
issue	5
array	5
pro-syrian	10
parties	7
support	7
citizens	8
helicopters	11
roamed	6
sky	3
protest	7
show	4
tuesday	7
officers	8
interior	8
ministry	8
deployed	8
manned	6
largely	7
conscripts	10
video	5
state-owned	11
working	7
ria	3
novosti	7
detained	8
briefly	7
commission	10
application	11
building	8
handing	7
affiliated	10
hajar	5
cousin	6
terrorist	9
independently	13
cnn	3
verify	6
deaths	6
severely	8
restricted	10
access	6
international	13
monitors	8
team	4
so-called	9
observe	7
progress	8
cease-fire	10
encourage	9
implementation	14
plan	4
head	4
observer	8
mission	7
robert	6
mood	4
civilian	8
provinces	9
state-run	9
daraa	5
idleb	5
hama	4
arab	4
observers	9
weeks	5
stopped	7
supposed	8
effect	6
april	5
lcc	3
visit	5
special	7
qaeda	5
architect	9
raid	4
pakistan	8
televised	9
base	4
winding	7
north	5
emerge	6
abroad	6
economic	8
crisis	6
renew	5
's	2
backdrop	8
speaking	8
armored	7
flag	4
nearly	6
rulers	6
ousted	6
overthrown	10
harboring	9
militants	9
quick	5
credit	6
attack	6
green	5
compounds	9
westerners	10
main	4
lauren	6
o'neill	7
celebrated	10
recently	8
birthday	8
gun	3
small	5
ireland	7
bellaghy	8
co	2
derry	5
critical	8
sister	6
centre	6
house	5
william	7
court	5
major	5
investigation	13
arrested	8
toomebridge	11
suspicion	9
murder	6
questioned	10
hour	4
service	7
psni	4
woman	5
aged	4
assisting	9
offender	8
released	8
unconditionally	15
detectives	10
night	5
priest	6
protect	7
deputy	6
stormont	8
visited	7
first	5
minister	8
martin	6
mcguinness	10
family	6
trauma	6
agencies	8
similar	7
unsanctioned	12
rally	5
rostov-on-don	13
petersburg	10
southern	8
ended	5
broken	6
rallied	7
faced	5
protesters	10
hundreds	8
gatherings	10
register	8
formally	8
day	3
position	8
grew	4
period	6
authoritarian	13
part	4
note	4
grave	5
according	9
neighbor	8
goodyear	8
heard	5
shots	5
arrived	7
minutes	7
children	8
doorstep	8
boys	4
joel	4
covered	7
blood	5
mom	3
pebbles	7
oldest	6
child	5
towards	7
walking	7
back	4
lured	5
mother	6
kids	4
calm	4
stressed	8
mad	3
stepped	7
walked	6
trillion	8
companies	9
sovereign	9
wealth	6
debt	4
fund	4
stops	5
buying	6
weakening	9
surprise	8
nationalises	12
import	6
exports	7
spain	5
escalates	9
germany	7
warns	5
greece	6
bailout	7
agreement	9
aid	3
state	5
taking	6
crippling	9
measure	7
save	4
exposure	8
bn	2
property	8
sector	6
classed	7
total	5
problematic	11
hangover	8
extends	7
financial	9
commercial	10
bank	4
figures	7
assets	6
real	4
estate	6
seized	6
portfolio	9
regulators	10
elsewhere	9
acquisition	11
watching	8
mountain	8
view	4
california-based	16
company	7
obtain	6
motorola	8
mobility	8
advantage	9
unfair	6
stabbing	8
widower	7
brighton	8
jeffrey	7
burrows	7
norfolk	7
square	6
east	4
sussex	6
liverpool	9
remains	7
custody	7
charged	7
elliott	7
may	3
appeared	8
lewes	5
crown	5
plea	4
enter	5
remanded	8
management	10
case	4
hearing	7
july	4
residence	9
return	6
door	4
gunshots	8
deputies	8
thomas	6
cremated	8
text	4
message	7
middle	6
wanted	6
happened	8
port	4
john	4
west	4
cape	4
canaveral	9
nasa	4
space	5
numerous	8
kennedy	7
center	6
location	8
famed	5
shuttle	7
launches	8
fatally	7
florida	7
sought	6
killing	7
firing	6
fatal	5
confirmed	9
deadliest	9
suffered	8
uprising	8
despite	7
un-backed	9
nominal	7
ceasefire	9
ago	3
imposed	7
meanwhile	9
eu	2
sanctions	9
round	5
effort	6
increase	8
pressure	8
damascus	8
subjected	9
overnight	9
fiercely	8
contested	9
changed	7
times	5
husband	7
father	6
moved	5
months	6
hard	4
peaceful	8
pretty	6
normally	8
place	5
incident	8
deadly	6
week	4
brevard	7
county	6
homicides	9
ran	3
next-door	9
identified	10
neighbour	9
tanya	5
sheriff	7
lt	2
tod	3
awoken	6
coming	6
st	2
orlando	7
local	5
maritime	8
ships	5
sailed	6
statement	9
gregorio	8
pilar	5
preventing	10
erring	6
arrest	6
fishermen	9
unchanged	9
remained	8
ma	2
contacted	9
emphasise	9
integral	8
territory	9
aimed	5
invite	6
talks	5
diplomatic	10
finding	7
solution	8
spokesman	9
zhang	5
hua	3
afp	3
manila	6
comment	7
latest	6
flare-up	8
competing	9
territorial	11
atop	4
parts	5
south	5
sea	3
sit	3
vast	4
deposits	8
dfa	3
phl	3
harassed	8
marine	6
safeguard	9
interests	9
also	4
huangyan	8
island	6
panatag	7
moreover	8
moving	6
gunboat	7
naval	5
blocked	7
lagnoon	7
entrance	8
triggering	10
murderous	9
rampage	7
today	5
turning	7
murders	7
prime	5
mariano	7
rajoy	5
sweeping	8
nationalised	12
action	6
salvage	7
fourth-biggest	14
dripping	8
balance	7
sheet	5
red	3
ink	3
independent	11
madrid	6
charge	6
auditing	8
valuing	7
firms	5
collapsed	9
cabinet	7
ministers	9
conference	10
meeting	7
transparency	12
complete	8
clarity	7
crucial	7
solvency	8
doubt	5
economy	7
luis	4
guindos	7
ibex-35	7
index	5
plunged	7
leading	7
dragged	7
pc	2
points	6
plummeting	10
values	6
strongest	9
slumped	7
santander	9
eurozone	8
biggest	7
dropped	7
number-two	10
bbva	4
skidded	7
stemming	8
touched	7
revolt	6
border	6
threatened	10
morph	5
broader	7
relentless	10
undermines	10
bring	5
begin	5
limited	7
throwing	8
rest	4
calls	5
rule	4
impoverished	12
al-tamana	9
northwest	9
late	4
homes	5
occurred	8
barely	6
benigno	7
aquino	6
iii	3
anew	4
pushed	6
rules-based	11
spratlys	8
row	3
urged	5
association	11
common	6
southeast	9
asian	5
nations	7
arrive	6
willing	7
stand	5
host	4
matter	6
claimants	9
malaysia	8
vietnam	7
taiwan	6
brunei	6
monitored	9
aircraft	8
nautical	8
base-point	10
zambales	8
suicide	7
detonated	9
attacker	8
compound	8
bomb	4
gates	5
foreigners	10
afghans	7
officials	9
claimed	7
cleared	7
warning	7
airspace	8
new	3
york	4
ensuing	7
fighter	7
norwegian	9
journal	7
wall	4
street	6
hospitalized	12
schoolchildren	14
school	6
person	6
unannounced	11
made	4
hamid	5
sign	4
rocked	6
bomber	6
disguised	9
burqas	6
housing	7
mind	4
significance	12
preserving	10
iran	4
frontier	8
eastern	7
permanent	9
include	7
bases	5
even	4
concluded	9
conduct	7
remain	6
counterterrorism	16
strikes	7
otherwise	9
advise	6
exploit	7
collect	7
intelligence	12
targets	7
deployment	10
includes	8
areas	5
un	2
raids	5
strongholds	11
civilians	9
majority	8
watchdog	8
truce	5
syria-linked	12
spilled	7
male	4
female	6
toome	5
antrim	6
serious	7
crime	5
suite	5
station	7
investigating	13
appealed	8
information	11
engaged	7
discussions	11
seek	4
china-philippine	16
friendly	8
preserved	9
interest	8
invited	7
discussion	10
announcement	12
stocks	6
tumbled	7
friday	6
present	7
reforms	7
clean-up	8
difficult	9
last-minute	11
weekly	6
approve	7
park	4
toxic	5
holding	7
sell	4
announce	8
demands	7
sound	5
portfolios	10
forced	6
finalized	9
adding	6
scheme	6
approved	8
thirty-three-year-old	21
tonya	5
ranged	6
age	3
office	6
front	5
neighbors	9
turned	6
demonstrations	14
clashed	7
suggests	8
preliminary	11
steep	5
won	3
votes	5
fall	4
earlier	7
marred	6
poll	4
widespread	10
allegations	11
vote-rigging	12
crushed	7
pleas	5
ignored	7
kremlin-dominated	17
honor	5
let	3
memory	6
fallen	6
keeping	7
commitment	10
daily	5
thoughts	8
true	4
former	6
touted	6
bill	4
clinton	7
bold	4
decision	8
campaign	8
ad	2
call	4
appearing	9
firehouse	9
mayor	5
rudy	4
giuliani	8
politicizing	12
personnel	9
watch	5
screen	6
barack	6
makes	5
live	4
bagram	6
field	5
fighters	8
activists	9
afford	6
big	3
question	8
sort	4
emergency	9
imf	3
editor	6
bbc	3
business	8
peston	6
reveals	7
jpmorgan	8
chase	5
trading	7
loss	4
investments	11
traders	7
announced	9
measures	8
risks	5
caused	6
vice	4
soraya	6
saenz	5
santamaria	10
find	4
extra	5
dollars	7
move	4
provide	7
cushion	7
worth	5
deficit	7
funds	5
responsible	11
unable	6
five-year	9
loan	4
convertible	11
bond	4
flexible	8
rental	6
incentivise	11
order	5
offload	7
antitrust	9
competition	11
acquire	7
google	6
motorolla	9
venturebeat	11
purchase	8
close	5
patents	7
give	4
pending	7
patent	6
applications	12
owned	5
regulatory	10
hold-out	8
merger	6
states	6
justice	7
european	8
now	3
go-ahead	8
issues	6
reason	6
boards	6
mull	4
approving	9
concerns	8
mainly	6
preferential	12
treatment	9
operating	9
android	7
system	6
runs	4
devices	7
punched	7
report	6
son	3
kicked	6
wake	4
welfare	7
investigators	13
inadequate	10
supervision	11
misdemeanor	11
records	7
battery	7
striking	8
filed	5
domestic	8
complaint	9
joe	3
johnson	7
bbs	3
jamie	5
hudson	6
lives	5
doors	5
shoot	5
effectively	11
nationalized	12
largest	7
struggling	10
fallout	7
bust	4
saddled	7
billions	8
analysts	8
steps	5
fix	3
problem	7
audiences	9
talking	7
belief	6
strong	6
abandon	7
biddle	6
interview	9
bureau	6
lockdown	8
lockdown	8
staff	5
windows	7
amid	4
skies	5
secrecy	7
tight	5
cementing	9
leave	5
extremist	9
reminder	8
stalks	6
threat	6
resurgent	9
driven	6
refusing	8
hand	4
evening	7
victims	7
shock	5
deep	4
traumatised	11
deeply	6
shocked	7
murdered	8
daughter	8
spent	5
offered	7
community	9
wider	5
overwhelming	12
sdlp	4
mid-ulster	10
mla	3
patsy	5
mcglone	7
sense	5
israel	6
evacuated	9
egypt	5
yitzhak	7
levanon	7
cairo	5
airport	7
turkish	7
airlines	8
flight	6
istanbul	8
arrival	7
flew	4
israeli	7
headquarters	12
forcing	7
evacuation	10
crowds	6
smashed	7
external	8
tossed	6
balconies	9
papers	6
tore	4
worst	5
treaty	6
jewish	6
believe	7
starting	8
fair	4
interfax	8
ignoring	8
opinion	7
discredits	10
destabilizes	12
admit	5
falsifications	14
ballot	6
stuffing	8
dominated	9
pro-kremlin	11
supporters	10
staged	6
large	5
highlighting	12
divisions	9
signal	6
easy	4
downplayed	10
reduced	7
inevitable	10
voters	6
unhappy	7
members	7
understood	10
girl	4
living	6
visiting	8
older	5
locals	6
determined	10
owner	5
killer	6
everything	10
vessel	6
arresting	9
albert	6
secretary	9
keqing	6
contest	7
beijing	7
lie	3
luzon	5
flagship	8
warship	7
patrolling	10
bail	4
enquiries	9
approval	8
goog	4
holdings	8
mmi	3
clearing	8
hurdle	6
final	5
boosts	6
apple	5
aapl	4
received	8
jurisdictions	13
jurisdictions	13
confirming	10
e-mailed	8
expect	6
imminently	10
approvals	9
europe	6
worldwide	9
filing	6
needed	6
facing	6
disputes	8
legal	5
smartphone	10
software	8
draw	4
libertyville	12
illinois-based	14
yaakov	6
amitai	6
travel	6
egyptian	8
december	8
credentials	11
staffed	7
resume	6
acceptable	10
normal	6
activity	8
arrangements	12
egyptians	9
hostility	9
sentiment	9
anti-israeli	12
muted	5
hosni	5
mubarak	7
vocal	5
postmortem	10
teenager	8
due	3
carried	7
body	4
yesterday	9
wounding	8
issued	6
bloc	4
adopted	7
gave	4
details	7
battles	7
undermined	10
sagging	7
heavy	5
commander	9
slipped	7
km	2
erupted	7
intensified	11
blow	4
declared	8
envoy	5
kofi	4
annan	5
observing	9
separated	9
young	5
merseyside	10
discovery	9
bidston	7
hill	4
birkenhead	10
concerned	9
moreton	7
wirral	6
victim	6
teens	5
post-mortem	11
establish	9
appealing	9
suspiciously	12
acting	6
deupities	9
previously	10
abuse	5
block	5
travis	6
peter	5
lived	5
makers	6
lighting	8
bb	2
guns	4
fireworks	9
guy	3
board	5
basically	9
wftv	4
fights	6
yelling	7
stuff	5
midnight	8
notified	8
indicate	8
composing	9
interviewed	11
ongoing	7
jaxs	4
accused	7
boy	3
damage	6
causing	7
classmate	9
austin	6
lewis	5
drastic	7
problems	8
described	9
caring	6
loving	6
always	6
smile	5
affect	6
did	3
good	4
pastor	6
attended	8
church	6
punching	8
rockledge	9
walls	5
jarvis	6
wash	4
fla	3
goal	4
defeat	6
deny	4
rebuild	7
chance	6
reach	5
asserting	9
achieved	8
goals	5
mr	2
ready	5
transition	10
start	5
earnest	7
step	4
counter-terrorism	17
role	4
training	8
operations	10
targeting	9
secured	7
heavily	7
workers	7
rami	4
abdul-rahman	12
heads	5
destroy	7
kill	4
accounts	8
raided	6
farming	7
torching	8
worsening	9
groups	6
overwhelmingly	14
ruling	6
elite	5
minatory	8
belong	6
growing	7
dangerous	9
element	7
accuse	6
syrians	7
exploiting	10
unleashing	10
divide	6
shabiha	7
hired	5
operate	7
muscle	6
outlining	9
meet	4
involvement	11
withdrawn	9
pool	4
reaction	8
clear	5
instead	7
zabihullah	10
mujahid	7
telephone	9
undisclosed	11
ryan	4
crocker	7
network	7
haqqani	7
blames	6
washington	10
believes	8
based	5
waziristan	10
high-profile	12
ruled	5
sole	4
point	5
announcing	10
facebook	8
page	4
muscovites	10
rare	4
sight	5
trial	5
bosnia	6
serb	4
ratko	5
mladic	6
stands	6
counts	6
crimes	6
humanity	8
brutal	6
ethnic	6
cleansing	9
bosnian	7
prompted	8
insert	6
reiterated	10
touch	5
claim	5
urging	6
gma	3
replaced	8
airlifted	9
angry	5
involuntary	11
response	8
sinai	5
manslaughter	12
expressed	9
tel	3
aviv	4
apologies	9
stay	4
series	6
farewell	8
meetings	8
huge	4
operation	9
scandal-marred	14
struggle	8
elections	9
vladimir	8
regularly	9
indisputable	12
historical	10
grounds	7
outgoing	8
bid	3
colleagues	10
jerusalem	9
retiring	8
departed	8
friends	7
lior	4
ben-dor	7
xinhua	6
atmosphere	10
sentiments	10
anti-israel	11
stormed	7
benjamin	8
netanyahu	9
families	8
definitive	10
troubled	8
accelerated	11
package	7
budget	6
centre-right	12
tough	5
hit	3
edge	4
cliff	5
deliver	7
fail	4
degenerate	10
senior	6
four-year	9
anxiety	7
viability	9
markets	7
boost	5
thursday	8
reform	6
plans	5
travelled	9
playing	7
diplomats	9
retirement	10
high-rise	9
unoccupied	10
trapping	8
rescued	7
guards	6
pursuing	8
august	6
ambushed	8
israelis	8
israeli-egyptian	16
resumed	7
quraya	6
machinegun	10
deir	4
ezzor	5
bringing	8
snipers	7
qaboon	6
stationed	9
roofs	5
buildings	9
surge	5
flashpoints	11
brokered	8
un-arab	7
league	6
bulging	7
losses	6
audit	5
entire	6
asset-management	16
fire-sale	9
deficit-cutting	15
annnounced	10
separately	10
ambitious	9
forecasts	9
achieve	7
recovering	10
chest	5
arm	3
gunman	6
dublin	6
pub	3
ruby	4
finnegans	9
getaway	7
burnt	5
recovered	9
life-threatening	16
cars	4
gardaí	6
subsequently	12
goldenbridge	12
insists	7
mainland	8
waters	6
exclusive	9
zone	4
supported	9
law	3
apart	5
making	6
potential	9
complained	10
increasingly	12
aggressive	10
staking	7
acts	4
harassing	9
filipino	8
exploration	11
thus	4
clean	5
failed	6
healthiest	10
closed	6
cent	4
fell	4
divides	7
restricts	9
unrest	6
forefront	9
minority	8
offshoot	8
shi'ite	7
islam	5
muslim	6
manpower	8
defecting	9
demonstrators	13
notables	8
confrontations	14
defectors	9
loyalist	8
regained	8
falling	7
wireless-equipment	18
data	4
compiled	8
bloomberg	9
stance	6
closing	7
word	4
stock	5
date	4
londonderry	11
carry	5
commit	6
specific	8
spending	8
potentially	11
purposes	8
targeted	8
al-qaida	8
promises	8
congress	8
money	5
privately	9
gate	4
guarded	7
thoroughfares	13
sits	4
jalalabad	9
sediq	5
sediqi	6
blast	5
chief	5
daoud	5
included	8
wagon	5
passer-by	9
driving	7
nepalese	8
guard	5
evaded	6
capture	7
world	5
men	3
finally	7
yugoslav	8
brought	7
tribunal	8
hague	5
atrocities	10
denied	6
charges	7
genocide	8
terror	6
infamous	8
accuses	7
overseeing	10
massacre	8
srebrenica	10
thumbs-up	9
clapped	7
gallery	7
surround	8
kirill	6
kudryavtsev	11
getty	5
images	6
boris	5
nemtsov	7
unauthorized	12
triumfalnaya	12
swipe	5
criticism	9
hillary	7
hyde	4
speakers	8
listening	9
reacting	8
diagnosed	9
eduardo	7
martinez-abascal	16
professor	9
iese	4
confidence	10
generated	9
growth	6
antonio	7
barros	6
eurasia	7
represent	9
dispelling	10
important	9
strength	8
doubts	6
regain	6
successive	10
rounds	6
build	5
credibility	11
short	5
specifies	9
bang	4
recapitalize	12
disappoint	10
barroso	7
unfortunately	13
read	4
woke	4
distraught	10
motive	6
previous	8
pertaining	10
understand	10
grisly	6
act	3
comprehend	10
parent	6
calling	7
moments	7
open	4
inside	6
shortly	7
entered	7
self-inflicted	14
wound	5
gunshot	7
fourth	6
yard	4
related	7
incidents	9
recent	6
easter	6
assure	6
slowly	6
cut	3
ends	4
battle	6
successful	10
conclusion	10
involves	8
nation-building	15
twin	4
narratives	10
messages	8
meant	5
brief	5
symbolic	8
audience	8
fed	3
november	8
broadband	9
infrastructure	14
communications	14
enterprise	10
solutions	9
safety	6
wireline	8
mobile	6
communication	13
digital	7
compelling	10
experiences	11
wave	4
innovations	11
enterprises	11
enable	6
governments	11
connected	9
advertising	11
nyse	4
mot	3
sales	5
search	6
aim	3
services	8
organize	8
monetize	8
dominant	8
addition	8
plethora	8
engine	6
offers	6
extension	9
online	6
tools	5
platforms	9
gmail	5
maps	4
youtube	7
social	6
web-based	9
most	4
funded	6
products	8
integrated	10
highly	6
adwords	7
adsense	7
treated	7
drove	5
sat	3
finnegan	8
non-life-threatening	20
swat	4
sliding	7
jazlin	6
texted	6
friend	6
seeing	6
private	7
employees	9
blasts	6
mortar	6
explosions	10
gunfire	7
mujahedin	9
zabiullah	9
as	2
learned	7
planned	7
heart	5
send	4
partnerships	12
imposing	8
corrupt	7
unpopular	9
withdraw	8
ways	4
disclose	8
nationalisation	15
highest	7
crash	5
construction	12
started	7
battling	8
swollen	7
reduce	6
readied	7
sheets	6
nationalising	13
adopt	5
broad	5
massive	7
light	5
overextended	12
full	4
extent	6
boom	4
hurt	4
responded	9
knock	5
reporters	9
eldest	6
patrol	6
lawn	4
rushed	6
wounds	6
witness	7
popular	7
alleged	7
fraud	5
tens	4
cities	6
tide	4
rising	6
discontent	10
two-thirds	10
ballot-box	10
false	5
rolls	5
voter	5
remove	6
innocent	8
agreements	10
focus	5
mujahideen	10
annual	6
spring	6
warm	4
weather	7
target	6
parliamentarians	16
jazzlyn	7
immediately	11
history	7
dispatch	8
thrown	6
bicycle	7
window	6
continental	11
shelf	5
brp	3
pf-15	5
palawan	7
dispatched	10
boarding	8
inspect	7
evidence	8
photos	6
catch	5
ship	4
initially	9
inspection	10
illegally	9
amounts	7
corals	6
collected	9
clams	5
giant	5
compartments	12
sharks	6
boarded	7
zhonggou	8
haijian	7
mouth	5
placing	7
significantly	13
administration	14
efforts	7
degrade	7
successes	9
term	4
keenly	6
dealing	7
aware	5
war-weary	9
post-abc	8
incurred	8
costs	5
feels	5
republicans	11
negative	8
nationally	10
tailored	8
speech	6
directly	8
reaffirmed	10
positions	9
impasse	7
resolved	8
detain	6
prevented	9
craft	5
north-western	13
disputing	9
ownership	9
spratly	7
sighted	7
prompting	9
deploy	6
acquired	8
double	6
bonds	5
instrument	10
contingent	10
convertibles	12
cocos	5
risk	4
still-troubled	14
separate	8
delayed	7
partly	6
negotiations	12
intensify	9
deepen	6
demand	6
pounds	6
obliged	7
approached	10
positioned	10
refer	5
asserted	8
refers	6
last	4
intruding	9
considers	9
internet	8
develop	7
smart	5
phones	6
mp	2
tragically	10
spoken	6
extend	6
prayers	7
terrible	8
alerted	7
fourth-largest	14
intense	7
gdp	3
limit	5
painted	7
grim	4
picture	7
ahead	5
shrink	6
drop	4
compared	8
predicted	9
output	6
overspending	12
regional	8
suburb	6
qaboun	6
conducted	9
tv	2
praised	7
milestone	9
promised	8
boycotted	9
polls	5
designed	8
strengthen	10
grip	4
brutally	8
cracked	7
dissent	7
arms	4
defend	6
switched	8
sides	5
joined	6
handgun	7
quiet	5
residences	10
single	6
plug	4
gaping	6
tackle	6
hole	4
expectations	12
high-interest	13
brink	5
shaking	7
lending	7
framework	9
clamoring	9
nicholas	8
spiro	5
strategy	8
restructuring	13
deeper	6
downturn	8
uncertainty	11
greater	7
provisioning	12
size	4
bubble	6
burst	5
core	4
fears	5
finances	8
push	4
breaking	8
surged	6
verified	8
movements	9
cost	4
clearance	9
required	8
competitor	10
handset	7
handsets	8
samsung	7
electronics	11
htc	3
ensure	6
versions	8
commerce	8
website	7
terms	5
sets	4
departure	9
costly	6
fellow	6
pre-dawn	8
darkness	8
horizon	7
relationship	12
strained	8
posing	6
events	6
showing	7
sergeant	8
vowed	5
slash	5
discounted	10
trim	4
promise	7
quarter	7
restive	7
begging	7
perimeter	9
lying	5
ambulance	9
emts	4
pronounced	10
titusville	10
threw	5
repeatedly	10
scuffle	7
shouts	6
yells	5
emanating	9
troublemakers	13
sad	3
distressing	11
fathom	6
sitting	7
lone	4
seriously	9
belfast	7
royal	5
victoria	8
spokesperson	12
trust	5
undergone	9
surgery	7
afternoon	9
parish	6
utv	3
fr	2
andy	4
dolan	5
feeling	7
horror	6
siblings	8
waves	5
clean-ups	9
convince	8
correspondent	13
result	6
experienced	11
mortgages	9
pay	3
after-effects	13
urgent	6
yields	6
benchmark	9
meaning	7
faces	5
borrowing	9
high	4
discredit	9
process	7
purchasing	10
drawing	7
shifting	8
attention	9
hardware	8
selling	7
fleshing	8
unlocked	8
section	7
play	4
store	5
smartphones	11
tablets	7
manufacturers	13
in-house	8
offer	5
alongside	9
innovation	10
focused	7
advancing	9
connects	8
targetted	9
discharged	10
burned	6
scenes	6
resolve	7
diplomatically	14
stand-off	9
involving	9
disputed	8
sailors	7
discovering	11
boat	4
highlighted	11
ability	7
strike	6
tightened	9
helicopter	10
traveled	8
governing	9
later	5
surrounded	10
broadcast	9
lightning	9
estimates	9
toll	4
chaos	5
candidates	10
vied	4
seats	5
boycott	7
amounted	8
grant	5
flow	4
reasonable	10
prices	6
andrew	6
brenda	6
dived	5
score	5
managed	7
anti-monopoly	13
leapt	5
scrutiny	8
routine	7
yuan	4
globally	8
subject	7
originally	10
turns	5
completed	9
renewed	7
clamp-down	10
az-zour	7
enormous	8
sacrifices	10
women	5
defense	7
overall	7
insurgent	9
increased	9
capabilities	12
kandahar	8
vehicle	7
businesslike	12
affair	6
palace	6
pleasantries	12
pageantry	9
opportunity	11
off-message	11
denunciations	13
exasperated	11
behavior	8
acknowledged	12
seated	6
table	5
destroying	10
denying	7
haven	5
safe	4
capacity	8
usher	5
wind	4
era	3
terrain	7
deserters	9
disparate	9
mount	5
units	5
buses	5
roadblocks	10
pro-assad	9
militia	7
wheat	5
farmland	8
fields	6
orontes	7
river	5
highway	7
aleppo	6
narrow	6
ban	3
ki-moon	7
avert	5
full-scale	10
crossroads	10
civil	5
bordering	9
turkey	6
jordan	6
comprises	9
population	10
faiths	6
mix	3
resonate	8
ally	4
gulf	4
robust	6
council	7
firmly	6
six-point	9
stunned	7
tragic	6
rented	6
caoimhe	7
councillor	10
scullion	8
sinn	4
fein	4
magherafelt	11
tight-knit	10
district	8
everybody	9
stories	7
happening	9
happen	6
ms	2
ian	3
milne	5
marked	6
brookings	9
expert	6
michael	7
o'hanlon	8
institution	11
encouraged	10
prospects	9
emphatically	12
wartime	7
leadership	10
committed	9
closely	7
reelected	9
spiking	7
football	8
illegal	7
harvesting	10
endangered	10
species	7
shelter	7
boats	5
storm	5
preparations	12
risky	5
worried	7
things	6
muhammad	8
hassan	6
haqyar	6
completely	10
leaves	6
extremely	9
notice	6
unsophisticated	15
beyond	6
nature	6
planning	8
explosives	10
pre-positioned	14
vicinity	8
sprawling	9
underscore	10
alighting	9
mastermind	10
unsubtle	8
unwinnable	10
telling	7
bagged	6
launch	6
usual	5
eyewitnesses	12
involved	8
swarmed	7
desperate	9
carsten	7
jacobson	8
bombing	7
resulted	8
credited	8
responding	10
failure	7
coordinated	11
assaults	8
paralyzed	9
yet	3
white	5
secret	6
asleep	6
continue	8
contents	8
document	8
invading	8
puppets	7
referring	9
cuts	4
adjustment	10
willingness	11
thereby	7
restricting	11
expects	7
contract	8
extending	9
arriving	8
inked	5
designate	9
non-nato	8
advisers	8
one-year	8
pentagon	8
giving	6
review	6
mixed	5
banged	6
bleeding	8
towel	5
homicide	8
multiple	8
recall	6
occasions	9
oppose	6
others	6
heavy-handed	12
meddling	8
politics	8
legacy	6
backlash	8
virtual	7
influence	9
backed	6
oversee	7
preserve	8
revamped	8
resumption	10
prior	5
successor	9
ya'akov	7
proper	6
implemented	11
internal	8
shin	4
bet	3
guidelines	10
missions	8
amita	5
upgraded	8
request	7
ha'aretz	8
such	4
quarters	8
closed-circuit	14
cameras	7
electronic	10
myriad	6
notably	7
chain	5
slightest	9
de	2
recovery	8
complicated	11
collapse	8
properties	10
steeply	7
individuals	11
mortgage	8
payments	8
liberalize	10
regulations	11
rentals	7
easier	6
decisions	9
reducing	8
unveiled	8
solvent	7
fate	4
portugal	8
cdn	3
conservative	12
rainy-day	9
leaders	7
rigging	7
reflect	7
therefore	9
shaken	6
amongst	7
daylight	8
baset	5
al-megrahi	10
convicted	9
officer	7
lockerbie	9
compassionate	13
scottish	8
die	3
prostate	8
cancer	6
insisted	8
villa	5
strict	6
silence	7
posh	4
bedridden	9
cane	4
hung	4
khaled	6
nasser	6
relative	8
transitional	12
health	6
deteriorated	12
complications	13
cancer-related	14
holder	6
yield	5
repossessed	11
asset	5
sale	4
compulsory	10
books	5
receiving	9
rescues	7
enacted	7
grateful	8
sacrifice	9
debate	6
raged	5
outlines	8
partisan	8
exchanges	9
crossed	7
attackers	9
wearing	7
detonating	10
clashing	8
blew	4
mangled	7
bodies	6
kargar	6
noorughli	9
admitted	8
us-backed	9
dire	4
posted	6
aiming	6
mortars	7
artillery	9
al-burnhanieh	13
syian	5
confined	8
borders	7
pits	4
bab	3
al-tebbaneh	11
hostile	7
jabal	5
mohsen	6
ignited	7
islamist	8
activist	8
chadi	5
mawlawi	7
operative	9
al-qaeda-inspired	17
relatives	9
accusation	10
ali	3
cousins	7
supports	8
refugees	8
providing	9
food	4
pictures	8
winning	7
hearts	6
minds	5
fortified	9
exchanged	9
explosion	9
invoking	8
us-afghanistan	14
underscores	11
difficulties	12
larger	6
share	5
visits	6
grade	5
ii	2
listed	6
spokeswoman	11
attendance	10
brings	6
closer	6
completing	10
maker	5
transaction	11
co-founder	10
helps	5
larry	5
executive	9
compete	7
clout	5
iphone	6
gain	4
expands	7
worlds	6
trove	5
competitors	11
risen	5
succeed	7
experts	7
entirety	8
nationwide	10
rebellious	10
suburbs	7
omar	4
hamza	5
skype	5
douma	5
machine	7
raiding	7
bars	4
bombers	7
vulnerable	10
resilient	9
gurkha	6
passers-by	10
fsa	3
ahmad	5
ayoub	5
british-based	13
capturing	9
movement	8
militarized	11
crackdown	9
violent	7
portray	7
unalloyed	9
achievement	11
considered	10
six-hour	8
symbolism	9
historic	8
incubated	9
circle	6
prevailing	10
feel	4
perfection	10
soviet	6
unleashed	9
vicious	7
arose	5
guesthouse	10
defiance	8
guesthouses	11
developed	9
face-off	8
refuge	6
escape	6
foul	4
harass	6
monetary	8
olli	4
rehn	4
determination	13
fiscal	6
restoring	9
key	3
challenges	10
particularly	12
cleaning	8
insurance	9
rules	5
require	7
resident	8
bought	6
politicians	11
shrinking	9
developments	12
workforce	9
prediction	10
mariya	6
boyarintseva	12
event	5
manager	7
scary	5
felt	4
bit	3
anti-putin	10
streets	7
roam	4
scandal-hit	11
assembly	8
respect	7
privacy	7
appeal	6
ambassadoe	10
midst	5
re-election	11
noting	6
seal	4
momentum	8
built	5
devastated	10
stark	5
task	4
work	4
funding	7
levels	6
foes	4
intends	7
longest	7
revert	6
allied	6
maimed	6
afghanistan’s	13
uncertain	9
television	10
herald	6
chapter	7
begins	6
opened	6
appear	6
emerged	7
disturbance	11
shootings	9
killings	8
strengthening	13
dominance	9
booming	7
tablet	6
lawsuits	8
infringement	12
claiming	8
patented	8
technology	10
korea	5
powered	7
lengthy	7
waged	5
continents	10
anti-competitive	16
threats	7
microsoft	9
retreating	10
followed	8
teams	5
apparently	10
wkmg-tv	7
raised	6
shield	6
restore	7
ratings	7
downgraded	10
standard	8
poor	4
decided	7
appoint	7
auditors	8
real-estate	11
long-awaited	12
compact	7
addressed	9
specially	9
arranged	8
predawn	7
matched	7
praise	6
fought	6
odd	3
fit	3
direct	6
optimism	8
self-interest	13
flared	6
france	6
forecast	8
slight	6
powerhouse	10
slow	4
commissioner	12
economics	9
confident	9
immediate	9
particular	10
reign	5
termed	6
excessive	9
ap	2
dumping	7
documents	9
sledge	6
bare	4
hammers	7
tear	4
guarding	8
shattered	9
confronted	10
mob	3
representative	14
isolate	7
internationally	15
repression	10
dissidents	10
diplomat	8
impose	6
freeze	6
visa	4
loyal	5
supportive	10
policy	6
catherine	9
ashton	6
continuing	10
appalling	9
casualties	10
pummeled	8
medical	7
supplies	8
barrage	7
roughly	7
rained	6
random	6
coordination	12
committees	10
shown	5
profile	7
flak	4
drawn	5
sunrise	7
faith	5
shows	5
timing	6
salient	7
assurance	9
choose	6
rasheed	7
waziri	6
studies	7
monitor	7
comply	6
graduating	10
techcrunch	10
full-time	9
writer	6
musical	7
theater	7
learn	5
intentions	10
manufacturer	12
pieces	6
blessing	8
google-motorola	15
technically	11
examined	8
tense	5
confrontation	13
absent	6
couple	6
inquiries	9
destabilises	12
passed	6
part-nationalise	16
bursting	8
austerity	9
account	7
gravity	7
sonia	5
gallego	7
refinance	9
fanned	6
fear	4
bigger	6
warily	6
saluted	7
war-zone	8
craven	6
nonetheless	11
campaign-related	16
clearly	7
jim	3
inhofe	6
senate	6
committee	9
shore	5
gutting	7
reference	9
tightening	10
budgets	7
presumed	8
opponent	8
accusing	8
fleeting	8
unity	5
stephen	7
pressed	7
effective	9
pakistanis	10
partner	7
