Normally	C
,	N
the	N
land	N
will	N
be	N
passed	C
down	N
to	N
future	C
generations	C
in	N
a	N
way	N
that	N
recognizes	C
the	N
community	N
's	N
traditional	C
connection	N
to	N
that	N
country	C
.	N

The	N
passing	N
of	N
Aboriginal	C
land	N
rights	N
legislaton	C
in	N
Australia	N
was	N
preceded	C
by	N
a	N
number	N
of	N
important	N
Aboriginal	C
protests	N
,	N
including	N
the	N
1946	N
Aboriginal	C
Stockmen	N
's	N
Strike	C
,	N
the	N
1963	N
Yolngu	N
Bark	N
Petition	C
,	N
and	N
the	N
1966	N
Wave	N
Hill	N
Walk-Off	C
,	N
as	N
well	N
as	N
the	N
Aboriginal	C
Lands	N
Trust	C
Act	N
1966	N
(	N
SA	N
)	N
,	N
which	N
established	C
the	N
South	N
Australian	N
Aboriginal	C
Lands	N
Trust	C
.	N

However	N
,	N
it	N
was	N
not	N
until	N
the	N
1970s	N
,	N
when	N
indigenous	C
Australians	N
(	N
both	N
Australian	N
Aborigines	N
and	N
Torres	N
Strait	C
Islanders	N
)	N
became	N
more	N
politically	C
active	N
,	N
that	N
there	N
emerged	C
powerful	N
movement	C
for	N
the	N
recognition	C
of	N
Aboriginal	C
land	N
rights	N
.	N

Her	N
novel	C
The	N
Good	N
Earth	N
was	N
the	N
best-selling	C
fiction	C
book	N
in	N
the	N
U.S	N
.	N
in	N
1931	N
and	N
1932	N
and	N
won	N
the	N
Pulitzer	C
Prize	N
in	N
1932	N
.	N

In	N
1921	N
,	N
Buck	N
's	N
mother	N
died	N
of	N
a	N
tropical	C
disease	C
,	N
sprue	C
,	N
and	N
shortly	N
afterward	C
her	N
father	N
moved	N
in	N
.	N

From	N
1920	N
to	N
1933	N
,	N
the	N
Bucks	N
made	N
their	N
home	N
in	N
Nanjing	N
,	N
on	N
the	N
campus	C
of	N
the	N
University	N
of	N
Nanking	N
,	N
where	N
both	N
had	N
teaching	N
positions	C
.	N

In	N
1964	N
,	N
to	N
support	N
children	N
who	N
were	N
not	N
eligible	C
for	N
adoption	C
,	N
Buck	N
established	C
the	N
Pearl	N
S	N
.	N
Buck	N
Foundation	C
(	N
now	N
called	N
Pearl	N
S	N
.	N
Buck	N
International	N
)	N
to	N
``	N
address	C
poverty	C
and	N
discrimination	C
faced	N
by	N
children	N
in	N
Asian	N
countries	N
.	N
''	N

She	N
wrote	N
on	N
a	N
diverse	C
variety	C
of	N
topics	N
including	N
women	N
's	N
rights	N
,	N
Asian	N
cultures	C
,	N
immigration	C
,	N
adoption	C
,	N
missionary	C
work	N
,	N
and	N
war	N
.	N

Another	N
Baroque	C
piece	N
that	N
stands	N
is	N
the	N
Chapel	C
of	N
Nuestra	N
Señora	N
del	N
Rosario	N
,	N
which	N
is	N
a	N
recognizable	C
feature	N
of	N
the	N
architecture	C
of	N
Quito	C
.	N

El	N
Panecillo	C
is	N
a	N
hill	N
located	N
in	N
the	N
middle	N
west	N
of	N
the	N
city	N
at	N
an	N
altitude	C
of	N
about	N
3,016	N
metres	N
(	N
9,895	N
ft	N
)	N
above	N
sea	N
level	N
.	N

Axis	C
is	N
the	N
nerve	C
of	N
the	N
public	N
space	N
known	N
as	N
Independence	C
Square	N
or	N
Plaza	N
Grande	N
(	N
colonial	C
name	N
)	N
,	N
around	N
which	N
were	N
built	N
in	N
addition	C
the	N
Archbishop	C
's	N
Palace	N
,	N
the	N
Municipal	C
Palace	N
,	N
the	N
Hotel	N
Plaza	N
Grande	N
and	N
the	N
Metropolitan	C
Cathedral	C
.	N

A	N
monument	C
to	N
the	N
Virgin	N
Mary	N
is	N
located	N
on	N
top	N
of	N
El	N
Panecillo	N
and	N
is	N
visible	C
from	N
most	N
of	N
the	N
city	N
of	N
Quito	C
.	N

To	N
this	N
end	N
,	N
areas	N
were	N
organized	C
to	N
locate	N
objects	N
within	N
their	N
cultural	C
contexts	C
,	N
to	N
make	N
them	N
accessible	C
to	N
the	N
world	N
,	N
which	N
used	N
several	N
rooms	N
and	N
spaces	N
within	N
the	N
palace	N
.	N

Beethoven	N
's	N
Symphony	C
No	N
.	N
7	N
,	N
Bruckner	N
's	N
Symphony	C
No	N
.	N
6	N
and	N
Mendelssohn	N
's	N
Symphony	C
No	N
.	N
4	N
comprise	C
a	N
nearly	C
complete	N
list	N
of	N
symphonies	C
in	N
this	N
key	C
in	N
the	N
Romantic	C
era	N
.	N

Mozart	C
's	N
Clarinet	C
Concerto	C
and	N
Clarinet	C
Quintet	C
are	N
both	N
in	N
A	N
major	C
,	N
and	N
generally	N
Mozart	C
was	N
more	N
likely	N
to	N
use	N
clarinets	C
in	N
A	N
major	C
than	N
in	N
any	N
other	N
key	N
besides	N
E-flat	N
major	C
.	N

Johannes	N
Brahms	C
,	N
César	N
Franck	N
,	N
and	N
Gabriel	N
Fauré	C
wrote	N
violin	C
sonatas	C
in	N
A	N
major	N
.	N

In	N
connection	C
to	N
Beethoven	N
's	N
Kreutzer	C
Sonata	N
,	N
Peter	N
Cropper	N
said	N
that	N
A	N
major	C
``	N
is	N
the	N
fullest	C
sounding	C
key	N
for	N
the	N
violin	C
.	N
''	N

According	N
to	N
Christian	N
Friedrich	C
Daniel	N
Schubart	C
,	N
A	N
major	C
is	N
a	N
key	N
suitable	C
for	N
``	N
declarations	C
of	N
innocent	C
love	N
,	N
..	N
.	N
hope	N
of	N
seeing	N
one	N
's	N
beloved	C
again	N
when	N
parting	N
;	N
youthful	C
cheerfulness	C
and	N
trust	N
in	N
God	N
.	N
''	N

Al	N
-	N
`	N
Ain	C
is	N
often	N
called	N
the	N
`	N
Garden	N
City	N
of	N
The	N
Gulf	N
'	N
given	N
the	N
many	N
oases	C
,	N
parks	N
,	N
tree-lined	C
avenues	C
and	N
decorative	C
roundabouts	C
within	N
the	N
city	N
.	N

The	N
dry	C
desert	C
air	N
makes	N
it	N
a	N
welcome	N
retreat	C
from	N
the	N
coastal	C
humidity	C
of	N
the	N
larger	N
cities	N
.	N

Other	N
attractions	C
include	N
the	N
Al	N
Ain	N
Oasis	C
in	N
the	N
city	N
center	N
,	N
other	N
oases	C
dotted	C
around	N
the	N
area	N
-	N
all	N
cool	N
retreats	C
in	N
the	N
middle	N
of	N
the	N
summer	N
heat	N
-	N
Al	N
Ain	N
Zoo	N
,	N
an	N
amusement	C
park	N
named	N
``	N
Hili	N
Fun	N
City	N
''	N
,	N
many	N
well-maintained	C
parks	N
popular	N
with	N
families	N
in	N
the	N
summer	N
evenings	N
,	N
and	N
a	N
heritage	C
village	N
.	N

Al	N
Ain	N
(	N
Arabic	N
:	N
العين	N
,	N
al-ʿayn	N
,	N
literally	C
The	N
Spring	N
)	N
,	N
also	N
known	N
as	N
the	N
Garden	N
City	N
due	N
to	N
its	N
greenery	C
,	N
is	N
the	N
second	N
largest	N
city	N
in	N
the	N
Emirate	C
of	N
Abu	N
Dhabi	N
and	N
the	N
fourth	N
largest	N
city	N
in	N
the	N
United	N
Arab	N
Emirates	C
.	N

In	N
the	N
time	N
of	N
William	N
Shakespeare	N
,	N
women	N
's	N
roles	C
were	N
generally	N
played	N
by	N
men	N
or	N
boys	N
.	N

The	N
stage	C
role	N
of	N
Peter	N
Pan	N
,	N
for	N
example	N
,	N
is	N
traditionally	C
played	N
by	N
a	N
woman	N
,	N
as	N
are	N
most	N
principal	C
boys	N
in	N
British	N
pantomime	C
.	N

Opera	C
has	N
several	N
``	N
breeches	C
roles	N
''	N
traditionally	C
sung	C
by	N
women	N
,	N
usually	N
mezzo-sopranos	C
.	N

Examples	N
are	N
Hansel	N
in	N
Hänsel	N
und	N
Gretel	N
,	N
Cherubino	C
in	N
The	N
Marriage	N
of	N
Figaro	C
and	N
Octavian	C
in	N
Der	N
Rosenkavalier	N
.	N

In	N
the	N
former	C
film	N
Linda	N
Hunt	N
played	N
the	N
pivotal	C
role	N
of	N
Billy	N
Kwan	N
,	N
for	N
which	N
she	N
received	N
the	N
Academy	N
Award	N
for	N
Best	N
Supporting	C
Actress	C
.	N

Having	N
an	N
actor	N
dress	N
as	N
the	N
opposite	C
sex	N
for	N
comic	C
effect	N
is	N
also	N
a	N
long-standing	C
tradition	N
in	N
comic	C
theater	C
and	N
film	N
.	N

The	N
Russian	N
military	C
is	N
divided	C
into	N
the	N
following	N
branches	C
:	N
the	N
Russian	N
Ground	N
Forces	N
,	N
the	N
Russian	N
Navy	N
,	N
and	N
the	N
Russian	N
Air	N
Force	N
.	N

As	N
of	N
2008	N
(	N
update	C
)	N
,	N
some	N
480,000	N
young	N
men	N
are	N
brought	C
into	N
the	N
Army	N
via	C
Conscription	C
in	N
Russia	N
in	N
two	N
call-ups	C
each	N
year	N
.	N

It	N
has	N
been	N
founded	C
in	N
1991	N
by	N
the	N
Austrian	C
writer	N
,	N
artist	N
and	N
musician	N
Paul	N
Jaeg	N
.	N

Some	N
authors	N
,	N
such	N
as	N
Peter	N
Paul	N
Wiplinger	C
,	N
have	N
already	N
several	N
books	N
with	N
Arovell	C
,	N
but	N
others	N
use	N
the	N
publishing	C
house	N
as	N
a	N
platform	C
to	N
publish	N
their	N
first	N
book	N
(	N
s	N
)	N
.	N

The	N
covers	C
of	N
all	N
books	N
edited	C
by	N
Arovell	C
show	N
a	N
painting	N
respectively	C
a	N
section	C
from	N
a	N
painting	N
by	N
Paul	N
Jaeg	C
.	N

In	N
addition	C
,	N
Arovell	N
publishes	C
a	N
magazine	C
about	N
literature	C
,	N
music	N
and	N
art	N
,	N
which	N
contains	C
information	C
about	N
new	N
books	N
and	N
public	N
events	N
.	N

In	N
certain	N
organometallic	C
compounds	C
such	N
as	N
ferrocene	C
or	N
dibenzenechromium	C
,	N
the	N
pi	C
orbitals	C
of	N
the	N
organic	N
moiety	C
ligate	C
the	N
metal	N
.	N

In	N
contrast	N
to	N
these	N
coordination	C
compounds	C
,	N
methylcobalamin	C
(	N
a	N
form	N
of	N
Vitamin	N
B12	N
)	N
,	N
with	N
a	N
cobalt-methyl	C
bond	N
,	N
is	N
a	N
true	N
organometallic	C
complex	C
,	N
one	N
of	N
the	N
few	N
known	N
in	N
biology	C
.	N

The	N
term	N
``	N
metalorganics	C
''	N
usually	N
refers	N
to	N
metal-containing	C
compounds	C
lacking	C
direct	N
metal-carbon	C
bonds	N
but	N
which	N
contain	N
organic	N
ligands	C
.	N

The	N
organic	N
ligands	C
often	N
bind	C
the	N
metal	N
through	N
a	N
heteroatom	C
such	N
as	N
oxygen	C
or	N
nitrogen	C
,	N
in	N
which	N
case	N
such	N
compounds	N
are	N
considered	N
coordination	N
compounds	N
.	N

Organometallic	C
compounds	N
with	N
bonds	C
that	N
have	N
characters	N
in	N
between	N
ionic	C
and	N
covalent	C
are	N
very	N
important	N
in	N
industry	N
,	N
as	N
they	N
are	N
both	N
relatively	C
stable	N
in	N
solutions	N
and	N
relatively	C
ionic	C
to	N
undergo	C
reactions	C
.	N

Within	N
the	N
region	N
,	N
Doncaster	C
is	N
being	N
recognized	C
an	N
important	N
European	N
hub	C
with	N
developments	C
such	N
as	N
a	N
new	N
international	C
airport	N
,	N
Robin	N
Hood	N
Airport	N
Doncaster	C
Sheffield	C
which	N
opened	N
in	N
2005	N
.	N

Schistosomiasis	C
,	N
caused	N
by	N
one	N
genus	C
of	N
trematodes	C
,	N
is	N
the	N
second-most	N
devastating	C
of	N
all	N
human	N
diseases	C
caused	N
by	N
parasites	C
,	N
surpassed	C
only	N
by	N
malaria	C
.	N

Over	N
half	N
of	N
all	N
known	N
flatworm	C
species	C
are	N
parasitic	C
,	N
and	N
some	N
do	N
enormous	C
harm	N
to	N
humans	N
and	N
their	N
livestock	C
.	N

In	N
1965	N
,	N
she	N
opened	N
the	N
Opportunity	C
Center	N
and	N
Orphanage	C
in	N
South	N
Korea	N
,	N
and	N
later	N
offices	N
were	N
opened	N
in	N
Thailand	N
,	N
the	N
Philippines	N
,	N
and	N
Vietnam	N
.	N

Pearl	N
S	N
.	N
Buck	N
died	N
of	N
lung	N
cancer	N
on	N
March	N
6	N
,	N
1973	N
,	N
in	N
Danby	N
,	N
Vermont	N
,	N
and	N
was	N
interred	C
in	N
Green	N
Hills	N
Farm	N
in	N
Perkasie	N
,	N
Pennsylvania	N
.	N

Though	N
initially	C
planned	N
as	N
a	N
five-episode	C
role	C
,	N
the	N
character	C
became	N
so	N
popular	C
that	N
she	N
stayed	N
on	N
for	N
the	N
whole	N
third	N
season	C
and	N
returned	C
for	N
a	N
two-part	N
appearance	C
in	N
season	C
four	N
,	N
after	N
which	N
the	N
remainder	C
of	N
her	N
original	C
story	N
arc	C
was	N
played	N
out	N
as	N
part	N
of	N
the	N
first	N
season	C
of	N
the	N
Buffy	C
spin-off	C
series	N
Angel	N
.	N

Subsequently	C
,	N
it	N
was	N
announced	C
on	N
October	N
31	N
that	N
Dushku	N
had	N
lured	C
Joss	N
Whedon	N
,	N
of	N
Buffy	N
The	N
Vampire	C
Slayer	C
,	N
back	N
to	N
TV	N
,	N
as	N
they	N
agreed	N
to	N
create	N
a	N
show	N
called	N
Dollhouse	N
.	N

She	N
followed	N
that	N
up	N
with	N
Soul	C
Survivors	C
,	N
reuniting	C
her	N
with	N
Race	N
The	N
Sun	N
co-star	C
Casey	N
Affleck	N
.	N

La	N
India	N
covered	C
the	N
song	N
on	N
her	N
album	C
,	N
Sobre	N
el	N
Fuego	N
as	N
her	N
third	N
single	N
from	N
the	N
album	C
.	N

By	N
the	N
end	N
of	N
the	N
18th	N
century	C
,	N
Tsarskoye	C
Selo	N
became	N
a	N
popular	N
place	N
of	N
summer	N
residence	C
among	N
the	N
nobility	C
.	N

It	N
is	N
now	N
part	N
of	N
the	N
town	N
of	N
Pushkin	C
and	N
of	N
the	N
World	N
Heritage	C
Site	N
Saint	N
Petersburg	N
and	N
Related	N
Groups	N
of	N
Monuments	C
.	N

Later	N
Empress	C
Catherine	N
II	N
of	N
Russia	N
and	N
her	N
architect	C
Charles	N
Cameron	N
extended	C
the	N
palace	N
building	N
that	N
is	N
now	N
known	N
as	N
the	N
Cameron	N
Gallery	N
.	N

On	N
September	N
17	N
,	N
1941	N
,	N
the	N
Germans	N
occupied	C
the	N
town	N
of	N
Pushkin	C
,	N
destroying	N
and	N
plundering	C
many	N
historical	N
monuments	C
,	N
buildings	N
and	N
other	N
cultural	C
artifacts	C
,	N
including	N
the	N
famous	N
Amber	N
Room	N
.	N

2	N
(	N
Two	N
;	N
i	N
\/	N
ˈtuː	N
\/	N
)	N
is	N
a	N
number	N
,	N
numeral	C
,	N
and	N
glyph	C
.	N

Two	N
also	N
has	N
the	N
unique	C
property	N
such	N
that	N
and	N
also	N
for	N
a	N
not	N
equal	N
to	N
zero	N
The	N
number	N
of	N
domino	C
tilings	C
of	N
a	N
2	N
×	N
2	N
checkerboard	C
is	N
2	N
.	N

Mucha	C
produced	N
a	N
flurry	C
of	N
paintings	N
,	N
posters	C
,	N
advertisements	C
,	N
and	N
book	N
illustrations	C
,	N
as	N
well	N
as	N
designs	C
for	N
jewelry	C
,	N
carpets	N
,	N
wallpaper	N
,	N
and	N
theater	C
sets	N
in	N
what	N
was	N
termed	C
initially	C
the	N
Mucha	C
Style	N
but	N
became	N
known	N
as	N
Art	N
Nouveau	C
(	N
French	N
for	N
`	N
new	N
art	N
'	N
)	N
.	N

Mucha	C
's	N
works	N
frequently	C
featured	C
beautiful	N
young	N
women	N
in	N
flowing	C
,	N
vaguely	C
Neoclassical-looking	C
robes	N
,	N
often	N
surrounded	C
by	N
lush	C
flowers	N
which	N
sometimes	N
formed	N
halos	C
behind	N
their	N
heads	N
.	N

The	N
1900	N
Universal	C
Exhibition	C
in	N
Paris	N
spread	C
the	N
``	N
Mucha	C
style	N
''	N
internationally	C
,	N
of	N
which	N
Mucha	C
said	N
``	N
I	N
think	N
(	N
the	N
Exposition	C
Universelle	C
)	N
made	N
some	N
contribution	C
toward	N
bringing	N
aesthetic	C
values	N
into	N
arts	N
and	N
crafts	N
.	N
''	N

He	N
decorated	C
the	N
Bosnia	N
and	N
Herzegovina	N
Pavilion	C
and	N
collaborated	C
with	N
decorating	N
the	N
Austrian	N
Pavilion	C
.	N

The	N
roof	C
of	N
the	N
Mudéjar	C
style	N
church	N
features	C
paintings	N
of	N
martyrs	C
of	N
the	N
Order	N
of	N
Saint	N
Dominic	N
.	N

In	N
addition	N
to	N
the	N
administrative	C
units	N
in	N
the	N
third	N
level	N
of	N
the	N
Palace	N
is	N
the	N
presidential	C
residence	C
,	N
a	N
luxurious	C
colonial-style	C
apartment	N
in	N
which	N
they	N
live	N
the	N
President	N
and	N
his	N
family	N
.	N

Rafael	N
Correa	N
,	N
president	N
since	N
2007	N
,	N
considering	C
that	N
Carondelet	N
Palace	N
and	N
its	N
agencies	C
are	N
Ecuadoran	C
heritages	C
,	N
convert	C
the	N
presidential	C
compound	C
into	N
a	N
museum	C
accessible	C
to	N
all	N
who	N
wish	N
to	N
visit	N
it	N
.	N

The	N
roof	N
of	N
the	N
nave	C
is	N
composed	N
of	N
a	N
pair	N
and	N
knuckle	C
frame	N
,	N
coated	C
inside	N
by	N
pieces	N
of	N
tracery	C
.	N

Carondelet	C
Palace	N
Carondelet	C
Palace	N
(	N
Spanish	N
:	N
Palacio	C
de	N
Carondelet	C
)	N
is	N
the	N
seat	N
of	N
government	C
of	N
the	N
Republic	N
of	N
Ecuador	N
,	N
located	N
in	N
the	N
historical	N
center	N
of	N
Quito	N
.	N

Aemilianus	C
(	N
Latin	N
:	N
Marcus	N
Aemilius	N
Aemilianus	C
Augustus	N
;	N
c	N
.	N
207\/213	N
-	N
253	N
)	N
,	N
also	N
known	N
as	N
Aemilian	C
,	N
was	N
Roman	N
Emperor	C
for	N
three	N
months	N
in	N
253	N
.	N

Commander	C
of	N
the	N
Moesian	C
troops	C
,	N
he	N
obtained	C
an	N
important	N
victory	C
against	N
the	N
invading	C
Goths	C
and	N
was	N
,	N
for	N
this	N
reason	N
,	N
acclaimed	C
Emperor	N
by	N
his	N
army	N
.	N

He	N
then	N
moved	N
quickly	N
to	N
Italy	N
,	N
where	N
he	N
defeated	C
Emperor	N
Trebonianus	N
Gallus	N
,	N
only	N
to	N
be	N
killed	N
by	N
his	N
own	N
men	N
when	N
another	N
general	N
,	N
Valerian	N
,	N
proclaimed	C
himself	N
Emperor	N
and	N
moved	N
against	N
Aemilian	C
with	N
a	N
larger	N
army	C
.	N

Emperor	N
Aemilian	N
's	N
men	N
,	N
fearful	C
of	N
a	N
civil	N
war	N
and	N
Valerian	C
's	N
larger	N
force	N
,	N
mutinied	C
.	N

Aemilian	C
was	N
killed	N
by	N
them	N
at	N
Spoletium	C
or	N
the	N
Sanguinarium	C
bridge	N
,	N
between	N
Oriculum	C
and	N
Narnia	C
(	N
half	N
way	N
between	N
Spoletium	C
and	N
Rome	N
)	N
,	N
and	N
recognized	C
Valerian	C
as	N
the	N
new	N
emperor	C
.	N

Meatpuppets	C
will	N
be	N
blocked	N
indefinitely	C
,	N
too	N
..	N
.	N
do	N
n't	N
edit	C
on	N
behalf	C
of	N
someone	N
else	N
,	N
no	N
matter	N
how	N
well	N
you	N
may	N
know	N
them	N
.	N

Wikipedia	C
policy	C
on	N
open	N
proxies	C
is	N
clear	N
:	N
editing	N
through	N
them	N
is	N
blocked	N
without	N
exception	C
once	N
identified	C
.	N

Accounts	N
with	N
usernames	C
that	N
do	N
not	N
conform	C
to	N
the	N
username	C
policy	N
are	N
often	N
blocked	N
indefinitely	C
,	N
regardless	C
of	N
their	N
editing	C
behavior	C
.	N

Also	N
,	N
if	N
the	N
reviewing	C
administrator	C
concludes	C
that	N
the	N
block	N
was	N
justified	C
,	N
you	N
will	N
not	N
be	N
unblocked	C
unless	N
the	N
reviewing	C
administrator	C
is	N
convinced	C
that	N
you	N
understand	N
what	N
you	N
are	N
blocked	N
for	N
,	N
and	N
that	N
you	N
will	N
not	N
do	N
it	N
again	N
.	N

Do	N
n't	N
forget	N
to	N
insert	C
your	N
own	N
reason	N
to	N
replace	C
``	N
Insert	C
your	N
reason	N
to	N
be	N
unblocked	C
here	N
''	N
.	N

However	N
,	N
the	N
body	N
feathers	N
of	N
Epidexipteryx	C
are	N
unique	C
in	N
that	N
some	N
appear	N
to	N
arise	C
from	N
a	N
``	N
membranous	C
structure	C
''	N
at	N
the	N
base	N
of	N
each	N
feather	N
.	N

The	N
skull	C
of	N
Epidexipteryx	C
is	N
also	N
unique	C
in	N
a	N
number	N
of	N
features	C
,	N
and	N
bears	C
an	N
overall	C
similarity	C
to	N
the	N
skull	C
of	N
Sapeornis	C
,	N
oviraptorosaurs	C
and	N
,	N
to	N
a	N
lesser	C
extent	C
,	N
therizinosauroids	C
.	N

Epidexipteryx	C
appears	N
to	N
have	N
lacked	C
remiges	C
(	N
wing	N
feathers	N
)	N
,	N
and	N
it	N
likely	N
could	N
not	N
fly	N
.	N

The	N
1936	N
Winter	N
Olympics	C
,	N
officially	N
known	N
as	N
the	N
IV	C
Olympic	N
Winter	N
Games	N
(	N
French	N
:	N
Les	N
IVes	N
Jeux	N
olympiques	C
d'hiver	N
)	N
,	N
were	N
a	N
winter	N
multi-sport	C
event	N
which	N
was	N
celebrated	C
in	N
1936	N
in	N
the	N
market	N
town	N
of	N
Garmisch-Partenkirchen	C
in	N
Bavaria	N
,	N
Germany	N
.	N

He	N
left	N
Nicopolis	C
Pompeii	C
,	N
to	N
live	N
in	N
Bondaroy	C
(	N
France	N
)	N
,	N
near	N
the	N
town	N
of	N
Pithiviers	C
.	N

Originally	C
,	N
the	N
term	N
gingerbread	C
(	N
from	N
Latin	N
zingiber	C
via	N
Old	N
French	N
gingebras	C
)	N
referred	C
to	N
preserved	C
ginger	C
.	N

Early	N
references	C
from	N
the	N
Vadstena	C
Abbey	C
show	N
how	N
the	N
Swedish	C
nuns	C
were	N
baking	C
gingerbread	N
to	N
ease	C
indigestion	C
in	N
1444	N
.	N

Under	N
conditions	N
of	N
high	N
humidity	C
,	N
the	N
rate	C
of	N
evaporation	C
of	N
sweat	C
from	N
the	N
skin	N
decreases	C
.	N

The	N
son	N
of	N
a	N
photocopier	C
technician	C
,	N
he	N
trained	N
as	N
a	N
butcher	C
,	N
but	N
became	N
involved	C
in	N
graffiti	C
during	N
the	N
great	N
Bristol	N
aerosol	C
boom	C
of	N
the	N
late	N
1980s	N
.	N
''	N

In	N
January	N
2011	N
,	N
he	N
was	N
nominated	C
for	N
the	N
Academy	N
Award	N
for	N
Best	N
Documentary	C
for	N
the	N
film	N
.	N

Banksy	N
's	N
first	N
film	N
,	N
Exit	N
Through	N
the	N
Gift	N
Shop	N
,	N
billed	C
as	N
``	N
the	N
world	N
's	N
first	N
street	N
art	N
disaster	C
movie	N
''	N
,	N
made	N
its	N
debut	C
at	N
the	N
2010	N
Sundance	C
Film	N
Festival	N
.	N

Occasionally	C
readers	N
who	N
have	N
never	N
or	N
rarely	C
edited	C
before	N
,	N
or	N
not	N
from	N
that	N
location	N
,	N
with	N
no	N
intention	C
of	N
registering	C
an	N
account	N
,	N
click	N
on	N
edit	N
only	N
to	N
find	N
that	N
editing	N
from	N
their	N
IP	C
address	N
is	N
blocked	C
,	N
for	N
something	N
they	N
did	N
n't	N
do	N
.	N

As	N
a	N
user	N
requesting	C
to	N
be	N
unblocked	C
,	N
it	N
is	N
your	N
responsibility	C
to	N
explain	N
why	N
you	N
believe	N
your	N
block	N
violates	C
Wikipedia	C
's	N
blocking	N
policy	N
or	N
should	N
otherwise	C
be	N
reversed	C
.	N

Users	N
may	N
be	N
blocked	N
from	N
editing	N
by	N
Wikipedia	C
administrators	C
to	N
prevent	N
damage	C
or	N
disruption	C
to	N
Wikipedia	C
.	N

Blocks	N
are	N
lifted	C
if	N
they	N
are	N
not	N
(	N
or	N
no	N
longer	N
)	N
necessary	N
to	N
prevent	N
such	N
damage	N
or	N
disruption	C
.	N

They	N
are	N
usually	N
one	N
or	N
more	N
from	N
among	N
the	N
following	N
:	N
vandalism	C
,	N
sockpuppetry	C
,	N
edit	N
warring	N
,	N
violating	C
the	N
three-revert	C
rule	N
,	N
spamming	C
,	N
editing	N
with	N
a	N
conflict	C
of	N
interest	N
or	N
having	N
a	N
prohibited	C
username	C
.	N

After	N
spending	C
two	N
years	N
in	N
the	N
Royal	C
Canadian	C
Navy	N
during	N
World	N
War	N
II	N
,	N
Stewart	N
returned	C
to	N
the	N
NHL	C
in	N
1945	N
and	N
had	N
his	N
best	N
season	C
,	N
leading	C
the	N
league	C
with	N
37	N
goals	C
-	N
the	N
last	N
time	N
a	N
Leaf	C
led	C
the	N
League	C
in	N
goals	C
.	N

The	N
next	N
season	C
,	N
Stewart	N
won	N
the	N
1942-43	N
Calder	N
Memorial	C
Trophy	C
,	N
beating	C
out	N
Maurice	C
`	N
The	N
Rocket	N
'	N
Richard	N
of	N
the	N
Montreal	N
Canadiens	C
.	N

Stewart	C
won	C
his	N
second	N
Stanley	C
Cup	N
,	N
again	N
with	N
the	N
Maple	C
Leafs	N
,	N
in	N
1946-47	N
.	N

Born	C
in	N
Fort	N
William	N
,	N
Ontario	C
,	N
Stewart	N
was	N
called	N
from	N
the	N
minors	C
in	N
1942	N
to	N
play	N
in	N
one	N
game	N
of	N
the	N
Stanley	N
Cup	N
Finals	N
,	N
where	N
he	N
helped	C
the	N
Toronto	C
Maple	N
Leafs	C
win	N
the	N
Stanley	N
Cup	N
.	N

For	N
orchestral	C
works	N
in	N
A	N
major	N
,	N
the	N
timpani	C
are	N
typically	C
set	C
to	N
A	N
and	N
E	N
a	N
fifth	N
apart	N
,	N
rather	N
than	N
a	N
fourth	N
apart	N
as	N
for	N
most	N
other	N
keys	N
.	N

Aboriginal	C
land	N
rights	N
in	N
Australia	N
are	N
grants	C
of	N
land	N
to	N
Indigenous	C
Australians	N
by	N
the	N
Commonwealth	C
,	N
state	N
or	N
territory	C
governments	N
of	N
Australia	N
.	N

Different	N
types	N
of	N
land	N
rights	N
laws	C
exist	C
in	N
Australia	N
,	N
allowing	N
for	N
the	N
grant	C
of	N
land	N
to	N
Indigenous	C
Australians	N
under	N
various	N
conditions	C
.	N

Land	N
rights	N
schemes	C
are	N
in	N
place	N
in	N
the	N
Northern	N
Territory	N
,	N
Queensland	C
,	N
New	N
South	N
Wales	N
,	N
South	N
Australia	N
and	N
Victoria	N
.	N

The	N
title	C
is	N
normally	C
held	N
by	N
a	N
community	C
or	N
an	N
organization	C
,	N
not	N
by	N
individuals	N
.	N

There	N
are	N
usually	N
some	N
restrictions	C
on	N
selling	N
,	N
and	N
dealing	N
with	N
,	N
land	N
that	N
has	N
been	N
granted	C
in	N
a	N
land	N
rights	N
claim	C
.	N

In	N
2003	N
,	N
Dushku	N
starred	C
in	N
the	N
horror	C
film	N
Wrong	N
Turn	N
and	N
The	N
Kiss	N
,	N
an	N
independent	C
comedy-drama	C
.	N

She	N
starred	N
in	N
Open	N
Graves	C
,	N
a	N
2008	N
horror-thriller	C
about	N
a	N
satanic	C
game	N
co-starring	C
Mike	N
Vogel	N
.	N

Dushku	N
's	N
father	N
is	N
an	N
Albanian	N
from	N
the	N
city	N
of	N
Korçë	C
and	N
her	N
mother	N
is	N
of	N
Danish	N
and	N
English	N
descent	C
.	N

She	N
played	N
the	N
main	N
character	C
in	N
The	N
Thacker	N
Case	N
and	N
The	N
Alphabet	C
Killer	N
,	N
both	N
thrillers	C
based	N
on	N
real-life	N
events	N
,	N
one	N
of	N
them	N
directed	N
by	N
Rob	N
Schmidt	C
with	N
whom	C
she	N
had	N
worked	N
on	N
Wrong	N
Turn	N
.	N

After	N
having	N
a	N
grant	C
pulled	N
out	N
from	N
under	N
her	N
,	N
Tru	N
is	N
forced	N
to	N
take	N
a	N
job	N
at	N
a	N
local	N
morgue	C
where	N
she	N
discovers	C
her	N
power	N
to	N
``	N
re-live	C
''	N
the	N
previous	C
day	N
over	N
again	N
if	N
one	N
of	N
the	N
deceased	C
asks	N
for	N
her	N
help	N
to	N
change	N
what	N
has	N
happened	N
.	N

Two	N
years	N
later	N
,	N
on	N
the	N
first	N
night	N
of	N
the	N
1969	N
festival	C
,	N
the	N
concert	C
hall	N
was	N
destroyed	N
by	N
fire	N
.	N

For	N
that	N
year	N
the	N
Festival	N
was	N
moved	N
to	N
other	N
local	N
venues	C
but	N
by	N
the	N
following	N
year	N
the	N
hall	N
had	N
been	N
rebuilt	C
and	N
once	N
again	N
it	N
was	N
opened	N
by	N
the	N
Queen	N
,	N
this	N
time	N
at	N
the	N
start	N
of	N
the	N
1970	N
festival	C
.	N

The	N
festival	C
is	N
now	N
operated	C
by	N
Aldeburgh	C
Music	N
,	N
which	N
also	N
runs	N
the	N
Britten-Pears	C
Young	N
Artist	N
Programme	C
(	N
formerly	N
the	N
Britten-Pears	C
School	N
for	N
Advanced	N
Musical	N
Studies	N
)	N
,	N
Aldeburgh	C
Residencies	C
-	N
a	N
program	N
offering	N
bespoke	C
training	N
and	N
development	C
opportunities	C
to	N
UK	N
and	N
international	C
artists	N
-	N
as	N
well	N
as	N
an	N
extensive	C
education	N
program	N
.	N

It	N
has	N
seen	N
the	N
premières	C
of	N
several	N
works	N
by	N
Britten	N
(	N
A	N
Midsummer	N
Night	N
's	N
Dream	N
in	N
1960	N
;	N
Death	N
in	N
Venice	N
in	N
1973	N
)	N
and	N
also	N
Harrison	N
Birtwistle	C
's	N
Punch	C
and	N
Judy	N
in	N
1968	N
,	N
The	N
Io	C
Passion	C
in	N
2004	N
and	N
The	N
Corridor	C
in	N
2009	N
.	N

Elephants	C
have	N
four	N
molars	C
;	N
each	N
weighs	C
about	N
5	N
kg	C
(	N
11	N
lb	N
)	N
and	N
measures	C
about	N
30	N
cm	N
(	N
12	N
in	N
)	N
long	N
.	N

As	N
the	N
front	N
pair	N
wears	C
down	N
and	N
drops	C
out	N
in	N
pieces	N
,	N
the	N
back	N
pair	N
shifts	C
forward	N
,	N
and	N
two	N
new	N
molars	N
emerge	C
in	N
the	N
back	N
of	N
the	N
mouth	C
.	N

At	N
about	N
40	N
to	N
60	N
years	N
of	N
age	N
,	N
the	N
elephant	N
no	N
longer	N
has	N
teeth	N
and	N
will	N
likely	N
die	N
of	N
starvation	C
,	N
a	N
common	N
cause	N
of	N
death	N
.	N

Their	N
tusks	C
are	N
firm	C
teeth	N
;	N
the	N
second	N
set	N
of	N
incisors	C
become	N
the	N
tusks	C
.	N

They	N
are	N
used	N
for	N
digging	C
for	N
roots	N
and	N
stripping	C
the	N
bark	C
off	N
trees	N
for	N
food	N
,	N
for	N
fighting	N
each	N
other	N
during	N
mating	C
season	N
,	N
and	N
for	N
defending	C
themselves	N
against	N
predators	C
.	N

Various	C
species	C
of	N
kauri	C
give	N
diverse	C
resins	C
such	N
as	N
kauri	C
copal	C
,	N
Manilla	N
copal	C
and	N
Dammar	N
gum	N
.	N

According	N
to	N
the	N
book	N
,	N
Akilam	C
,	N
Hari	N
Gopalan	N
Citar	N
wrote	N
this	N
book	N
on	N
the	N
twenty-seventh	C
day	N
of	N
the	N
Tamil	C
month	N
of	N
Karthikai	C
(	N
November\/December	N
)	N
in	N
the	N
year	N
1841	N
CE	C
.	N

The	N
author	N
claims	C
that	N
God	N
woke	N
him	N
up	N
during	N
his	N
sleep	N
and	N
commissioned	C
him	N
to	N
take	N
dictation	C
of	N
what	N
he	N
said	N
.	N

According	N
to	N
the	N
author	N
,	N
the	N
book	N
is	N
the	N
story	N
of	N
God	N
coming	N
in	N
this	N
age	N
,	N
the	N
Kali	N
Yukam	N
or	N
Iron	N
Age	N
,	N
to	N
rule	N
the	N
world	N
by	N
transforming	C
it	N
into	N
the	N
Dharma	N
Yukam	N
.	N

This	N
story	N
of	N
faith	C
has	N
woven	C
together	N
the	N
historical	C
facts	N
about	N
Ayya	N
Vaikundar	N
and	N
his	N
activities	N
with	N
reinterpretations	C
of	N
episodes	C
from	N
the	N
Hindu	N
Puranas	C
(	N
mythologies	C
)	N
and	N
Itihasas	C
(	N
epics	C
)	N
.	N

The	N
gradual	C
accumulation	C
of	N
decayed	C
plant	N
material	N
in	N
a	N
bog	C
functions	N
as	N
a	N
carbon	N
sink	C
.	N

Other	N
names	N
for	N
bogs	C
include	N
mire	C
,	N
quagmire	C
and	N
muskeg	C
;	N
alkaline	C
mires	C
are	N
called	N
fens	C
.	N

A	N
bog	N
is	N
a	N
mire	C
that	N
accumulates	C
peat	C
,	N
a	N
deposit	C
of	N
dead	N
plant	N
material-often	C
mosses	C
,	N
and	N
in	N
a	N
majority	N
of	N
cases	N
,	N
sphagnum	C
moss	N
.	N

Creatine	C
is	N
not	N
an	N
essential	C
nutrient	C
,	N
as	N
it	N
is	N
manufactured	N
in	N
the	N
human	N
body	N
from	N
L-arginine	C
,	N
glycine	C
,	N
and	N
L-methionine	C
.	N

There	N
are	N
fewer	N
other	N
expatriates	C
than	N
in	N
the	N
larger	N
centers	N
of	N
Abu	N
Dhabi	N
and	N
Dubai	N
.	N

Social	N
and	N
governmental	N
infrastructure	C
includes	N
United	N
Arab	N
Emirates	N
University	N
,	N
Higher	N
Colleges	N
of	N
Technology	N
,	N
Abu	N
Dhabi	N
University	N
(	N
Al	N
Ain	N
campus	N
)	N
,	N
well-equipped	C
medical	N
facilities	C
including	N
the	N
teaching	N
hospital	N
at	N
Tawam	N
,	N
military	N
training	N
areas	N
and	N
Al	N
Ain	N
International	N
Airport	N
.	N

Wikipedia	N
admins	C
can	N
never	N
be	N
absolutely	C
sure	N
about	N
sockpuppetry	C
,	N
and	N
the	N
most	N
abusive	C
users	N
can	N
be	N
very	N
devious	C
in	N
attempting	C
to	N
evade	C
detection	C
.	N

Even	N
without	N
the	N
use	N
of	N
the	N
Checkuser	C
tool	N
,	N
or	N
with	N
a	N
result	N
of	N
``	N
unrelated	N
''	N
,	N
an	N
account	N
that	N
makes	N
the	N
same	N
edits	N
as	N
a	N
different	N
blocked	N
account	N
,	N
has	N
the	N
same	N
linguistic	C
peculiarities	C
and	N
the	N
same	N
general	N
interests	N
may	N
remain	N
blocked	N
under	N
the	N
``	N
quacks	C
like	N
a	N
duck	N
''	N
test	N
.	N

You	N
,	N
as	N
a	N
blocked	N
editor	C
,	N
are	N
responsible	C
for	N
convincing	C
administrators	C
:	N
It	N
also	N
helps	N
to	N
clearly	N
state	N
your	N
reasons	N
for	N
requesting	N
an	N
unblock	C
because	N
:	N
To	N
make	N
an	N
unblock	C
request	N
,	N
copy	N
the	N
following	N
text	N
to	N
the	N
bottom	N
of	N
your	N
user	N
talk	N
page	N
:	N
-LCB-	N
-LCB-	N
unblock	C
1	N
=	N
Insert	C
your	N
reason	N
to	N
be	N
unblocked	N
here	N
-RCB-	N
-RCB-	N
.	N

In	N
addition	N
to	N
the	N
traditional	C
metals	N
,	N
lanthanides	C
,	N
actinides	C
,	N
and	N
semimetals	C
,	N
elements	C
such	N
as	N
boron	C
,	N
silicon	N
,	N
arsenic	C
,	N
and	N
selenium	C
are	N
considered	N
to	N
form	N
organometallic	C
compounds	C
,	N
e.g	N
.	N
organoborane	C
compounds	C
such	N
as	N
triethylborane	C
(	N
Et3B	N
)	N
.	N

The	N
metal-carbon	C
bond	N
in	N
organometallic	C
compounds	C
is	N
generally	N
of	N
character	N
intermediate	C
between	N
ionic	C
and	N
covalent	C
.	N

It	N
is	N
the	N
tallest	C
building	N
in	N
California	N
,	N
the	N
tenth	C
tallest	C
in	N
the	N
United	N
States	N
,	N
the	N
tallest	C
west	N
of	N
the	N
Mississippi	N
River	N
,	N
and	N
the	N
56th	N
tallest	C
building	N
in	N
the	N
world	N
,	N
by	N
pinnacle	C
height	C
.	N

US	N
Bank	N
Tower	N
,	N
formerly	N
Library	N
Tower	N
and	N
First	N
Interstate	C
Bank	N
World	N
Center	N
,	N
is	N
a	N
1,018-foot	N
(	N
310	N
m	N
)	N
skyscraper	C
at	N
633	N
West	N
Fifth	N
Street	N
in	N
downtown	C
Los	N
Angeles	N
,	N
California	N
.	N

In	N
the	N
museum	C
located	C
on	N
the	N
north	N
side	N
of	N
the	N
lower	N
cloister	C
are	N
wonderful	N
pieces	N
of	N
great	N
Quito	N
sculptors	C
such	N
as	N
the	N
Saint	N
Dominic	N
de	N
Guzmán	N
by	N
Father	N
Carlos	N
,	N
the	N
Saint	N
John	N
of	N
God	N
by	N
Caspicara	C
,	N
and	N
the	N
Saint	N
Thomas	N
Aquinas	C
by	N
Legarda	C
.	N

Its	N
central	N
arch	C
leads	N
to	N
a	N
dome	C
decorated	N
with	N
frescoes	C
of	N
biblical	C
scenes	N
featuring	C
archangels	C
,	N
work	N
by	N
Francisco	N
Albán	N
.	N

In	N
1976	N
,	N
the	N
Spanish	N
artist	N
Agustín	N
de	N
la	N
Herrán	N
Matorras	N
was	N
commissioned	C
by	N
the	N
religious	C
order	N
of	N
the	N
Oblates	C
to	N
build	N
a	N
41	N
metres	N
(	N
135	N
ft	N
)	N
-	N
tall	N
aluminum	C
monument	C
of	N
a	N
madonna	C
,	N
which	N
was	N
assembled	C
on	N
a	N
high	N
pedestal	C
on	N
the	N
top	N
of	N
Panecillo	C
.	N

The	N
Historic	N
Centre	N
of	N
Quito	C
is	N
located	N
in	N
the	N
center	N
south	N
of	N
the	N
capital	N
on	N
an	N
area	N
of	N
320	N
hectares	C
(	N
790	N
acres	N
)	N
,	N
and	N
is	N
considered	N
one	N
of	N
the	N
most	N
important	N
historic	C
areas	N
in	N
Latin	N
America	N
.	N

Alex	N
Chernov	N
AC	N
QC	N
(	N
born	N
12	N
May	N
1938	N
)	N
is	N
an	N
Australian	N
jurist	C
and	N
the	N
current	C
Governor	N
of	N
Victoria	N
.	N

Chernov	N
was	N
born	N
in	N
Lithuania	C
to	N
Russian	N
parents	N
,	N
and	N
migrated	C
with	N
his	N
family	N
to	N
Salzburg	C
,	N
Austria	N
where	N
he	N
commenced	C
his	N
schooling	C
.	N

In	N
1949	N
his	N
family	N
migrated	C
to	N
Australia	N
and	N
he	N
completed	N
his	N
schooling	C
at	N
Melbourne	N
High	N
School	N
.	N

Chernov	N
was	N
admitted	C
to	N
practice	N
and	N
signed	N
the	N
Roll	N
of	N
Counsel	C
as	N
a	N
barrister	C
in	N
1968	N
,	N
practising	C
mostly	N
in	N
commercial	C
law	N
and	N
equity	C
.	N

He	N
was	N
the	N
co-author	C
with	N
Robert	N
Brooking	N
AO	N
of	N
Tenancy	C
Law	N
and	N
Practice	N
:	N
Victoria	N
(	N
1972	N
)	N
and	N
the	N
editor	N
of	N
its	N
second	N
edition	C
(	N
1980	N
)	N
.	N

Alexander	N
succeeded	C
his	N
father	N
,	N
Philip	N
II	N
of	N
Macedon	C
,	N
to	N
the	N
throne	C
in	N
336	N
BC	N
after	N
Philip	N
was	N
assassinated	C
.	N

He	N
showed	N
his	N
intent	C
to	N
conquer	C
the	N
entirety	C
of	N
the	N
Persian	C
Empire	N
by	N
throwing	C
a	N
spear	C
into	N
Asian	N
soil	C
and	N
saying	N
he	N
accepted	C
Asia	N
as	N
a	N
gift	N
from	N
the	N
gods	N
.	N

Fearing	C
the	N
prospect	C
of	N
facing	N
other	N
large	N
armies	N
and	N
exhausted	C
by	N
years	N
of	N
campaigning	C
,	N
Alexander	N
's	N
army	N
mutinied	C
at	N
the	N
Hyphasis	C
River	N
,	N
refusing	N
to	N
march	N
further	N
east	N
.	N

started	N
as	N
a	N
political	C
youth	N
organization	N
in	N
2000	N
and	N
became	N
a	N
political	C
party	N
in	N
January	N
2006	N
,	N
running	N
in	N
2006	N
elections	C
.	N

Alfons	N
Maria	N
Mucha	N
(	N
Czech	C
pronunciation	C
:	N
(	N
ˈalfons	N
ˈmuxa	N
)	N
(	N
listen	N
)	N
;	N
24	N
July	N
1860	N
-	N
14	N
July	N
1939	N
)	N
,	N
known	N
in	N
English	N
as	N
Alphonse	N
Mucha	N
,	N
was	N
a	N
Czech	C
Art	N
Nouveau	C
painter	N
and	N
decorative	C
artist	N
,	N
known	N
best	N
for	N
his	N
distinct	C
style	N
.	N

It	N
is	N
presented	N
as	N
if	N
Vishnu	C
is	N
narrating	C
the	N
whole	N
story	N
to	N
his	N
consort	C
Lakshmi	C
.	N

Though	N
the	N
Citar	C
Hari	N
Gopalan	N
wrote	N
the	N
book	N
Akilam	C
,	N
he	N
claimed	C
that	N
he	N
did	N
not	N
know	N
any	N
thing	N
about	N
the	N
contents	C
of	N
the	N
book	N
.	N

When	N
Ayya	N
Vaikundar	C
died	N
,	N
the	N
tied-up	C
palm	C
leaf	N
manuscript	C
,	N
which	N
was	N
until	N
then	N
not	N
opened	N
,	N
was	N
unfolded	C
.	N

As	N
per	N
the	N
instructions	N
found	N
there	N
in	N
Akilam	C
,	N
Ayyavazhi	C
was	N
preached	C
by	N
the	N
Citars	C
far	N
and	N
wide	N
.	N

Western	N
alchemy	C
is	N
recognized	N
as	N
a	N
protoscience	C
that	N
contributed	C
to	N
the	N
development	C
of	N
modern	N
chemistry	C
and	N
medicine	N
.	N

It	N
is	N
a	N
popular	N
belief	N
that	N
alchemists	C
made	N
contributions	N
to	N
the	N
``	N
chemical	C
''	N
industries	C
of	N
the	N
day-ore	C
testing	N
and	N
refining	C
,	N
metalworking	C
,	N
production	C
of	N
gunpowder	C
,	N
ink	N
,	N
dyes	C
,	N
paints	N
,	N
cosmetics	C
,	N
leather	N
tanning	C
,	N
ceramics	C
,	N
glass	N
manufacture	C
,	N
preparation	C
of	N
extracts	C
,	N
liquors	C
,	N
and	N
so	N
on	N
(	N
it	N
seems	N
that	N
the	N
preparation	C
of	N
aqua	N
vitae	C
,	N
the	N
``	N
water	N
of	N
life	N
''	N
,	N
was	N
a	N
fairly	N
popular	N
``	N
experiment	C
''	N
among	N
European	N
alchemists	C
)	N
.	N

According	N
to	N
author	C
and	N
graphic	C
designer	C
Tristan	N
Manco	N
and	N
the	N
book	N
Home	N
Sweet	N
Home	N
,	N
Banksy	N
``	N
was	N
born	N
in	N
1974	N
and	N
raised	C
in	N
Bristol	N
,	N
England	N
.	N

Banksy	N
's	N
work	N
was	N
made	N
up	N
of	N
the	N
Bristol	N
underground	C
scene	C
which	N
involved	C
collaborations	C
between	N
artists	N
and	N
musicians	N
.	N

Banksy	N
does	N
not	N
sell	N
photographs	C
or	N
reproductions	C
of	N
his	N
street	N
graffiti	C
,	N
however	N
,	N
art	N
auctioneers	C
have	N
been	N
known	N
to	N
attempt	C
to	N
sell	N
his	N
street	N
art	N
on	N
location	N
and	N
leave	N
the	N
problem	N
of	N
its	N
removal	C
in	N
the	N
hands	N
of	N
the	N
winning	N
bidder	C
.	N

His	N
satirical	C
street	N
art	N
and	N
subversive	C
epigrams	C
combine	N
dark	N
humor	C
with	N
graffiti	C
executed	C
in	N
a	N
distinctive	C
stencilling	C
technique	C
.	N

Known	N
for	N
his	N
contempt	C
for	N
the	N
government	N
in	N
labeling	C
graffiti	C
as	N
vandalism	C
,	N
Banksy	N
displays	N
his	N
art	N
on	N
publicly	N
visible	N
surfaces	N
such	N
as	N
walls	N
,	N
even	N
going	N
as	N
far	N
as	N
to	N
build	N
physical	N
prop	C
pieces	N
.	N

The	N
Order	N
was	N
the	N
first	N
national	C
decoration	C
awarded	C
by	N
the	N
Japanese	N
Government	N
,	N
created	N
on	N
10	N
April	N
1875	N
by	N
decree	C
of	N
the	N
Council	N
of	N
State	N
.	N

The	N
Order	N
was	N
awarded	N
in	N
nine	N
classes	N
until	N
2003	N
,	N
when	N
the	N
Grand	N
Cordon	N
with	N
Paulownia	C
Flowers	N
was	N
made	N
a	N
separate	N
order	N
,	N
and	N
the	N
lowest	N
two	N
classes	N
were	N
abolished	C
.	N

The	N
modern	N
version	C
of	N
this	N
honor	C
has	N
been	N
conferred	C
on	N
non-Japanese	N
recipients	C
beginning	N
in	N
1981	N
(	N
although	N
several	N
foreigners	C
were	N
given	N
the	N
honor	C
before	N
World	N
War	N
II	N
)	N
;	N
and	N
women	N
were	N
awarded	N
the	N
Order	N
starting	N
in	N
2003	N
(	N
previously	C
,	N
women	N
were	N
awarded	N
the	N
Order	N
of	N
the	N
Precious	C
Crown	N
)	N
.	N

They	N
called	N
this	N
object	C
Teide	C
1	N
and	N
it	N
was	N
found	N
in	N
the	N
Pleiades	C
open	N
cluster	C
.	N

Al	N
-	N
`	N
Ain	N
is	N
located	C
in	N
the	N
Emirate	C
of	N
Abu	N
Dhabi	N
,	N
inland	C
on	N
the	N
border	C
with	N
`	N
Oman	N
.	N

Al	N
-	N
`	N
Ain	N
has	N
a	N
higher	N
proportion	C
of	N
Emirati	C
nationals	N
than	N
elsewhere	C
in	N
the	N
country	N
,	N
but	N
the	N
majority	C
of	N
its	N
residents	C
are	N
expatriates	C
particularly	C
from	N
the	N
Indian	N
sub-continent	C
.	N

This	N
performance	C
won	N
Tallari	C
the	N
`	N
Best	N
Newcomer	C
'	N
award	N
at	N
the	N
2008	N
Man	N
of	N
Ice	N
Awards	N
and	N
ensured	C
his	N
selection	C
for	N
the	N
2007-08	N
EIHL	N
All-Star	N
team	N
.	N

Tallari	N
moved	C
to	N
the	N
Hartford	N
Wolf	N
Pack	N
,	N
the	N
farm	N
team	N
for	N
the	N
New	N
York	N
Rangers	N
.	N

In	N
2001	N
Tallari	N
began	N
his	N
career	C
playing	N
for	N
Niagara	N
University	N
where	N
he	N
was	N
team	N
's	N
senior	C
captain	N
.	N

Joe	N
Tallari	N
(	N
born	N
October	N
5	N
,	N
1980	N
in	N
Thunder	N
Bay	N
,	N
Ontario	N
)	N
is	N
a	N
Canadian	N
professional	C
ice	N
hockey	N
player	N
.	N

They	N
occupy	C
the	N
mass	C
range	C
between	N
the	N
heaviest	C
gas	N
giants	N
and	N
the	N
lightest	C
stars	N
,	N
with	N
an	N
upper	N
limit	N
around	N
75	N
to	N
80	N
Jupiter	C
masses	N
(	N
MJ	N
)	N
.	N

High-quality	N
spectral	C
data	N
acquired	C
by	N
the	N
Keck	C
1	N
telescope	C
in	N
November	N
1995	N
showed	N
that	N
Teide	C
1	N
had	N
kept	N
the	N
initial	C
lithium	C
amount	N
of	N
the	N
original	C
molecular	C
cloud	N
from	N
which	N
Pleiades	C
stars	N
formed	N
,	N
proving	N
the	N
lack	N
of	N
thermonuclear	C
fusion	C
in	N
its	N
core	C
.	N

In	N
1995	N
,	N
the	N
study	N
of	N
brown	N
dwarfs	C
changed	N
substantially	C
with	N
the	N
discovery	N
of	N
two	N
incontrovertible	C
substellar	C
objects	N
(	N
Teide	N
1	N
and	N
Gliese	C
229B	N
)	N
,	N
which	N
were	N
identified	N
by	N
the	N
presence	C
of	N
the	N
670.8	N
nm	N
lithium	C
line	N
.	N

Nonetheless	C
,	N
one	N
school	N
of	N
thought	N
is	N
based	N
on	N
formation	C
;	N
another	N
,	N
on	N
physics	C
in	N
the	N
interior	C
.	N

Currently	C
,	N
it	N
is	N
marketed	C
in	N
Belgium	N
,	N
Brazil	N
,	N
Hong	N
Kong	N
,	N
Italy	N
,	N
Japan	N
,	N
Luxembourg	C
,	N
Macau	N
,	N
Morocco	N
,	N
Netherlands	N
,	N
Peru	N
,	N
Portugal	N
,	N
Spain	N
and	N
Taiwan	N
and	N
the	N
majority	C
of	N
its	N
consumers	C
are	N
non-athletes	C
.	N

Aquarius	C
is	N
available	C
in	N
the	N
following	N
flavors	C
:	N
Carrot	N
Orange	N
,	N
Citrus	N
Blend	N
,	N
Grapefruit	N
,	N
Honey	N
Lemon	N
,	N
Lemon	N
,	N
Orange	N
,	N
Watermelon	N
and	N
Coca-Cola	N
.	N

An	N
archivist	C
(	N
``	N
AR-kiv-ist	C
''	N
or	N
``	N
AR-kive-ist	C
''	N
)	N
is	N
a	N
professional	C
who	N
assesses	C
,	N
collects	N
,	N
organizes	C
,	N
preserves	C
,	N
maintains	N
control	N
over	N
,	N
and	N
provides	N
access	N
to	N
information	N
determined	C
to	N
have	N
long-term	C
value	N
.	N

The	N
information	C
maintained	C
by	N
an	N
archivist	C
can	N
be	N
any	N
form	N
of	N
media	N
(	N
photographs	N
,	N
video	N
or	N
sound	N
recordings	N
,	N
letters	N
,	N
documents	N
,	N
electronic	N
records	N
,	N
etc	N
.	N
)	N
.	N

Diffraction	C
occurs	C
with	N
all	N
waves	C
,	N
including	N
sound	N
waves	C
,	N
water	N
waves	C
,	N
and	N
electromagnetic	C
waves	C
such	N
as	N
visible	N
light	N
,	N
X-rays	C
and	N
radio	N
waves	C
.	N

Ellison	N
co-founded	C
Oracle	N
Corporation	N
in	N
1977	N
with	N
Bob	N
Miner	N
and	N
Ed	N
Oates	N
under	N
the	N
name	N
Software	C
Development	C
Laboratories	C
(	N
SDL	N
)	N
.	N

He	N
also	N
served	N
as	N
the	N
Chairman	N
of	N
the	N
Board	N
until	N
his	N
replacement	C
by	N
Jeffrey	N
O	N
.	N
Henley	N
in	N
2004	N
.	N

On	N
August	N
22	N
,	N
2008	N
,	N
the	N
Associated	C
Press	N
ranked	C
Ellison	N
as	N
the	N
top-paid	C
chief	N
executive	C
in	N
the	N
world	N
.	N

The	N
company	N
also	N
builds	N
tools	N
for	N
database	C
development	C
and	N
systems	N
of	N
middle-tier	C
software	C
,	N
enterprise	C
resource	C
planning	N
(	N
ERP	N
)	N
software	C
,	N
customer	N
relationship	N
management	C
(	N
CRM	N
)	N
software	C
and	N
supply	N
chain	N
management	C
(	N
SCM	N
)	N
software	C
.	N

Sir	N
Andrew	N
Fielding	C
Huxley	N
,	N
OM	N
,	N
FRS	N
(	N
22	N
November	N
1917	N
-	N
30	N
May	N
2012	N
)	N
was	N
a	N
Nobel	N
Prize-winning	N
English	N
physiologist	C
and	N
biophysicist	C
.	N

Hodgkin	N
and	N
Huxley	N
shared	N
the	N
prize	N
that	N
year	N
with	N
John	N
Eccles	N
,	N
who	N
was	N
cited	C
for	N
research	C
on	N
synapses	C
.	N

Hodgkin	N
and	N
Huxley	N
's	N
findings	N
led	N
the	N
pair	N
to	N
hypothesize	C
the	N
existence	C
of	N
ion	C
channels	C
,	N
which	N
were	N
isolated	C
only	N
decades	C
later	N
.	N

Angers	C
proper	C
has	N
a	N
population	N
of	N
157,000	N
inhabitants	C
,	N
while	N
c	N
.	N
283,000	N
live	N
in	N
its	N
metropolitan	C
area	N
.	N

It	N
is	N
also	N
well	N
known	N
for	N
being	N
the	N
seat	C
of	N
important	N
cultural	C
events	N
,	N
such	N
as	N
the	N
film	N
festival	N
Premiers	C
Plans	N
,	N
Tour	N
de	N
Scènes	N
(	N
free	N
concerts	C
in	N
the	N
streets	N
)	N
and	N
Les	N
Accroche-Coeurs	N
(	N
free	N
street	N
festival	N
)	N
.	N

In	N
1835	N
the	N
family	N
moved	N
to	N
Le	N
Havre	N
,	N
where	N
Boudin	N
's	N
father	N
opened	N
a	N
store	N
for	N
stationery	C
and	N
picture	N
frames	C
.	N

Eugène	N
Louis	N
Boudin	N
(	N
French	N
:	N
(	N
budɛ̃	N
)	N
;	N
12	N
July	N
1824	N
-	N
8	N
August	N
1898	N
)	N
was	N
one	N
of	N
the	N
first	N
French	N
landscape	C
painters	N
to	N
paint	N
outdoors	C
.	N

The	N
Angara	C
rocket	C
family	N
is	N
a	N
family	N
of	N
space-launch	C
vehicles	C
being	N
developed	N
by	N
the	N
Moscow-based	N
Khrunichev	N
State	N
Research	N
and	N
Production	C
Space	N
Center	N
.	N

A	N
single	N
launch	C
pad	C
can	N
be	N
used	N
for	N
launching	C
all	N
Angara	C
versions	C
except	C
Angara	C
A7	N
.	N

All	N
Angara	C
launch	N
vehicles	C
have	N
a	N
modular	C
design	N
with	N
each	N
module	C
based	N
on	N
a	N
common	N
Universal	C
Rocket	N
Module	C
(	N
URM	N
)	N
.	N

The	N
Angara	C
1.1	N
version	N
was	N
expected	N
to	N
be	N
completed	N
first	N
;	N
its	N
first	N
launch	C
was	N
scheduled	C
to	N
take	N
place	N
in	N
2013	N
from	N
the	N
Plesetsk	N
Cosmodrome	C
.	N

According	N
to	N
the	N
2005	N
U.S	N
.	N
Census	C
estimates	C
,	N
the	N
city	N
had	N
a	N
population	C
of	N
23,741	N
.	N

As	N
of	N
the	N
census	C
of	N
2000	N
,	N
there	N
were	N
24,276	N
people	N
,	N
10,447	N
households	C
,	N
and	N
6,414	N
families	N
residing	C
in	N
the	N
city	N
.	N

Sir	N
Anthony	N
Richard	N
Wagner	N
,	N
KCB	C
,	N
KCVO	C
,	N
FSA	C
(	N
6	N
September	N
1908	N
-	N
5	N
May	N
1995	N
)	N
was	N
a	N
long-serving	C
officer	N
of	N
arms	C
at	N
the	N
College	N
of	N
Arms	N
in	N
London	N
.	N

It	N
originated	C
in	N
,	N
and	N
was	N
first	N
introduced	C
in	N
1983	N
in	N
Japan	N
as	N
a	N
grapefruit-flavored	C
sports	N
drink	N
,	N
as	N
a	N
response	C
to	N
a	N
competitor	C
's	N
brand	C
of	N
sports	N
drink	N
called	N
Pocari	N
Sweat	C
.	N

It	N
was	N
introduced	C
to	N
Spain	N
and	N
Portugal	N
in	N
1991	N
,	N
and	N
it	N
became	N
the	N
official	C
drink	N
of	N
the	N
1992	N
Summer	N
Olympics	N
in	N
Barcelona	N
.	N

The	N
discovery	C
of	N
deuterium-burning	C
down	N
to	N
0.012	N
solar	N
masses	N
and	N
the	N
impact	C
of	N
dust	C
formation	C
in	N
the	N
cool	N
outer	N
atmospheres	C
of	N
brown	N
dwarfs	C
in	N
the	N
late	N
1980s	N
brought	C
these	N
theories	C
into	N
question	N
.	N

This	N
discovery	N
helped	N
to	N
establish	C
yet	N
another	N
spectral	C
class	N
even	N
cooler	N
than	N
L	N
dwarfs	C
,	N
known	N
as	N
``	N
T	N
dwarfs	C
''	N
,	N
for	N
which	N
Gliese	N
229B	N
is	N
the	N
prototype	C
.	N

Remarkably	C
,	N
its	N
near-infrared	C
spectrum	C
clearly	N
exhibited	C
a	N
methane	C
absorption	C
band	N
at	N
2	N
micrometres	C
,	N
a	N
feature	C
that	N
had	N
previously	N
only	N
been	N
observed	N
in	N
the	N
atmospheres	C
of	N
giant	N
planets	N
and	N
that	N
of	N
Saturn	N
's	N
moon	N
Titan	N
.	N

Although	N
the	N
discovery	N
of	N
the	N
coolest	N
dwarf	C
was	N
highly	N
significant	C
at	N
the	N
time	N
,	N
it	N
was	N
debated	C
whether	N
GD	N
165B	N
would	N
be	N
classified	C
as	N
a	N
brown	N
dwarf	C
or	N
simply	N
a	N
very-low-mass	N
star	N
,	N
because	N
observationally	C
it	N
is	N
very	N
difficult	N
to	N
distinguish	C
between	N
the	N
two	N
.	N

Among	N
his	N
notable	C
film	N
roles	N
were	N
Minnesota	N
Fats	N
in	N
the	N
1961	N
drama	N
The	N
Hustler	C
(	N
starring	C
Paul	N
Newman	N
)	N
and	N
Buford	N
T	N
.	N
Justice	N
in	N
the	N
Smokey	N
and	N
the	N
Bandit	N
series	C
.	N

An	N
HCL	C
usually	C
consists	N
of	N
a	N
glass	N
tube	N
containing	C
a	N
cathode	C
,	N
an	N
anode	C
,	N
and	N
a	N
buffer	C
gas	N
(	N
usually	C
a	N
noble	N
gas	N
)	N
.	N

He	N
played	N
502	N
career	N
NHL	N
games	N
,	N
scoring	N
185	N
goals	N
and	N
159	N
assists	C
for	N
344	N
points	N
.	N

Stewart	N
died	N
on	N
November	N
18	N
,	N
2010	N
,	N
in	N
a	N
hospital	C
in	N
Burlington	N
,	N
Ontario	N
,	N
at	N
the	N
age	N
of	N
87	N
.	N

James	N
Gaye	N
Stewart	N
(	N
June	N
28	N
,	N
1923	N
-	N
November	N
18	N
,	N
2010	N
)	N
was	N
a	N
professional	C
ice	N
hockey	N
forward	N
.	N

In	N
all	N
,	N
Gaye	N
Stewart	N
played	N
for	N
five	N
of	N
the	N
NHL	N
's	N
Original	N
Six	N
teams	N
,	N
all	N
except	C
the	N
Boston	N
Bruins	N
.	N

This	N
is	N
due	N
to	N
two	N
competing	C
physical	C
effects	N
:	N
gravity	C
,	N
which	N
causes	N
the	N
air	N
to	N
be	N
as	N
close	N
as	N
possible	N
to	N
the	N
ground	C
;	N
and	N
the	N
heat	N
content	N
of	N
the	N
air	N
,	N
which	N
causes	N
the	N
molecules	C
to	N
bounce	C
off	N
each	N
other	N
and	N
expand	N
.	N

On	N
the	N
flight	N
deck	N
,	N
the	N
definitive	C
instrument	N
for	N
measuring	N
altitude	C
is	N
the	N
pressure	N
altimeter	C
,	N
which	N
is	N
an	N
aneroid	C
barometer	C
with	N
a	N
front	N
face	N
indicating	C
distance	N
(	N
feet	N
or	N
metres	C
)	N
instead	C
of	N
atmospheric	C
pressure	N
.	N

The	N
human	N
body	N
can	N
adapt	C
to	N
high	N
altitude	C
by	N
breathing	N
faster	N
,	N
having	N
a	N
higher	N
heart	N
rate	N
,	N
and	N
adjusting	C
its	N
blood	N
chemistry	C
.	N

Because	N
of	N
the	N
lower	N
pressure	N
,	N
the	N
air	N
expands	C
as	N
it	N
rises	C
,	N
which	N
causes	N
it	N
to	N
cool	N
.	N

She	N
taught	C
English	N
literature	C
at	N
the	N
private	C
,	N
church-run	C
University	N
of	N
Nanking	N
金陵大學	N
,	N
Ginling	N
College	N
金陵女子大学	N
and	N
at	N
the	N
National	N
Central	N
University	N
國立中央大學	N
.	N

In	N
1978	N
,	N
sharp	C
,	N
curved	C
claws	C
on	N
the	N
suction	C
cups	N
of	N
squid	C
tentacles	C
cut	N
up	N
the	N
rubber	N
coating	C
on	N
the	N
hull	C
of	N
the	N
USS	N
Stein	C
.	N

The	N
kraken	C
is	N
a	N
legendary	C
tentacled	C
monster	C
possibly	N
based	N
on	N
sightings	C
of	N
real	N
giant	C
squid	N
.	N

In	N
February	N
2007	N
,	N
a	N
New	N
Zealand	N
fishing	N
vessel	C
caught	N
a	N
colossal	C
squid	N
weighing	C
495	N
kg	N
(	N
1,091	N
lb	N
)	N
and	N
measuring	N
around	N
10	N
m	N
(	N
33	N
ft	N
)	N
off	N
the	N
coast	N
of	N
Antarctica	N
.	N

The	N
majority	C
are	N
no	N
more	N
than	N
60	N
cm	N
(	N
24	N
in	N
)	N
long	N
,	N
although	N
the	N
giant	C
squid	N
may	N
reach	N
13	N
metres	N
(	N
43	N
ft	N
)	N
.	N

Advanced	N
Audio	N
Coding	C
(	N
AAC	N
)	N
is	N
a	N
standardized	C
,	N
lossy	C
compression	C
and	N
encoding	C
scheme	C
for	N
digital	C
audio	N
.	N

In	N
April	N
2003	N
,	N
Apple	N
brought	N
mainstream	C
attention	N
to	N
AAC	N
by	N
announcing	N
that	N
its	N
iTunes	N
and	N
iPod	N
products	N
would	N
support	N
songs	N
in	N
MPEG-4	N
AAC	N
format	N
(	N
via	N
a	N
firmware	C
update	N
for	N
older	N
iPods	N
)	N
.	N

A	N
major	N
(	N
or	N
the	N
key	N
of	N
A	N
)	N
is	N
a	N
major	N
scale	N
based	N
on	N
A	N
,	N
with	N
the	N
pitches	C
A	N
,	N
B	N
,	N
C	N
♯	N
,	N
D	N
,	N
E	N
,	N
F	N
♯	N
,	N
and	N
G	N
♯	N
.	N

The	N
key	N
of	N
A	N
major	N
is	N
the	N
only	N
key	N
where	N
a	N
Neapolitan	C
sixth	N
chord	C
on	N
requires	N
both	N
a	N
flat	C
and	N
a	N
natural	N
accidental	C
.	N

Although	N
not	N
as	N
rare	N
in	N
the	N
symphonic	C
literature	C
as	N
sharper	C
keys	N
,	N
examples	N
of	N
symphonies	C
in	N
A	N
major	N
are	N
not	N
as	N
numerous	C
as	N
for	N
D	N
major	N
or	N
G	N
major	N
.	N

Most	N
of	N
Shakespeare	C
's	N
comedies	C
include	C
instances	C
of	N
overt	C
cross-dressing	C
,	N
such	N
as	N
Francis	N
Flute	C
in	N
A	N
Midsummer	C
Night	N
's	N
Dream	N
.	N

Dustin	N
Hoffman	N
and	N
Robin	N
Williams	N
have	N
each	N
appeared	C
in	N
a	N
hit	N
comedy	N
film	N
(	N
Tootsie	N
and	N
Mrs	N
.	N
Doubtfire	N
,	N
respectively	C
)	N
in	N
which	N
they	N
played	N
most	N
scenes	N
dressed	C
as	N
a	N
woman	N
.	N

Linda	N
Hunt	N
won	N
an	N
Academy	C
Award	N
for	N
Best	N
Supporting	C
Actress	N
for	N
playing	N
Billy	N
Kwan	N
in	N
The	N
Year	N
of	N
Living	N
Dangerously	C
.	N

Adolf	N
von	N
Henselt	N
(	N
12	N
May	N
1814	N
-	N
10	N
October	N
1889	N
)	N
was	N
a	N
German	N
composer	C
and	N
pianist	C
.	N

At	N
the	N
1988	N
Seoul	N
Games	N
,	N
he	N
won	N
two	N
gold	N
medals	N
in	N
the	N
Men	N
's	N
4x100	N
m	N
Relay	C
A2A4-7	N
and	N
Men	N
's	N
4x400	N
m	N
Relay	C
A2A4-7	N
events	N
,	N
and	N
three	N
silver	C
medals	N
in	N
the	N
Men	N
's	N
100	N
m	N
A4A9	N
,	N
Men	N
's	N
200	N
m	N
A4A9	N
,	N
and	N
Men	N
's	N
400	N
m	N
A4A9	N
events	N
.	N

Mucha	N
moved	N
to	N
Paris	N
in	N
1887	N
,	N
and	N
continued	C
his	N
studies	N
at	N
Académie	C
Julian	N
and	N
Académie	C
Colarossi	C
.	N

About	N
Christmas	N
1894	N
,	N
Mucha	N
happened	C
to	N
go	N
into	N
a	N
print	N
shop	N
where	N
there	N
was	N
a	N
sudden	C
and	N
unexpected	C
need	N
for	N
a	N
new	N
advertising	C
poster	N
for	N
a	N
play	C
featuring	C
Sarah	N
Bernhardt	C
,	N
the	N
most	N
famous	N
actress	N
in	N
Paris	N
,	N
at	N
the	N
Théâtre	N
de	N
la	N
Renaissance	C
on	N
the	N
Boulevard	N
Saint-Martin	N
.	N

Mucha	N
volunteered	C
to	N
produce	C
a	N
lithographed	C
poster	N
within	N
two	N
weeks	N
,	N
and	N
on	N
1	N
January	N
1895	N
,	N
the	N
advertisement	C
for	N
the	N
play	N
Gismonda	C
by	N
Victorien	N
Sardou	N
was	N
posted	N
in	N
the	N
city	N
,	N
where	N
it	N
attracted	C
much	N
attention	C
.	N

Bernhardt	N
was	N
so	N
satisfied	C
with	N
the	N
success	C
of	N
this	N
first	N
poster	N
that	N
she	N
began	N
a	N
six-year	N
contract	C
with	N
Mucha	N
.	N

The	N
word	N
actor	N
refers	C
to	N
a	N
person	N
who	N
acts	N
regardless	C
of	N
gender	N
,	N
and	N
this	N
term	N
``	N
is	N
increasingly	C
preferred	C
''	N
,	N
while	N
actress	N
refers	C
specifically	C
to	N
a	N
female	N
person	N
who	N
acts	N
.	N

The	N
first	N
recorded	C
case	N
of	N
an	N
actor	N
performing	N
took	N
place	N
in	N
534	N
BC	N
(	N
though	N
the	N
changes	N
in	N
calendar	N
over	N
the	N
years	N
make	N
it	N
hard	N
to	N
determine	C
exactly	N
)	N
when	N
the	N
Greek	N
performer	C
Thespis	N
stepped	C
on	N
to	N
the	N
stage	N
at	N
the	N
Theatre	C
Dionysus	N
and	N
became	N
the	N
first	N
known	N
person	N
to	N
speak	N
words	N
as	N
a	N
character	C
in	N
a	N
play	N
or	N
story	N
.	N

Prior	N
to	N
Thespis	C
'	N
act	N
,	N
stories	N
were	N
only	N
known	N
to	N
be	N
told	N
in	N
song	N
and	N
dance	N
and	N
in	N
third	N
person	N
narrative	C
.	N

In	N
the	N
ancient	C
Greece	N
and	N
Rome	N
and	N
the	N
medieval	C
world	N
,	N
it	N
was	N
considered	N
disgraceful	C
for	N
a	N
woman	N
to	N
go	N
on	N
the	N
stage	N
,	N
and	N
this	N
belief	C
persisted	C
until	N
the	N
17th	N
century	C
,	N
when	N
in	N
Venice	N
it	N
was	N
broken	N
.	N

The	N
first	N
festival	C
was	N
held	N
from	N
the	N
5	N
June	N
1948	N
to	N
the	N
13	N
June	N
1948	N
and	N
used	N
the	N
Aldeburgh	N
Jubilee	C
Hall	N
,	N
a	N
few	N
doors	N
away	N
from	N
Britten	N
's	N
house	N
in	N
Crabbe	N
Street	N
,	N
as	N
its	N
main	N
venue	C
.	N

It	N
featured	C
a	N
performance	C
of	N
Albert	N
Herring	N
by	N
the	N
English	N
Opera	C
Group	N
;	N
Britten	N
's	N
newly-written	C
St	N
.	N
Nicolas	N
cantata	C
,	N
op	C
.42	N
;	N
and	N
performances	C
by	N
Clifford	N
Curzon	C
and	N
the	N
Zorian	N
String	C
Quartet	C
.	N

Over	N
the	N
years	N
the	N
festival	C
grew	C
and	N
took	N
in	N
additional	C
venues	C
such	N
as	N
Aldeburgh	C
's	N
fifteenth-century	N
church	N
of	N
Saint	N
Peter	N
and	N
Saint	N
Paul	N
and	N
venues	C
in	N
nearby	C
Orford	N
,	N
Blythburgh	C
and	N
Framlingham	C
.	N

The	N
new	N
concert	C
hall	C
was	N
opened	N
by	N
the	N
Queen	N
on	N
2	N
June	N
1967	N
,	N
at	N
the	N
start	N
of	N
the	N
twentieth	C
Aldeburgh	N
Festival	C
.	N

Repentant	C
and	N
rededicated	C
,	N
Faith	N
returned	N
as	N
a	N
heroine	C
in	N
other	N
episodes	C
of	N
Angel	N
and	N
in	N
the	N
last	N
five	N
episodes	C
of	N
Buffy	N
.	N

Starting	N
that	N
same	N
year	N
,	N
she	N
starred	C
in	N
a	N
new	N
Fox	N
TV	N
series	N
,	N
Tru	N
Calling	N
,	N
where	N
she	N
played	N
the	N
main	N
character	C
,	N
medical	C
student	N
Tru	N
Davies	N
.	N

In	N
1993	N
,	N
Dushku	N
landed	C
a	N
role	N
as	N
Pearl	N
alongside	C
Robert	N
De	N
Niro	N
and	N
Leonardo	N
DiCaprio	N
in	N
This	N
Boy	N
's	N
Life	N
,	N
a	N
role	N
that	N
she	N
said	N
opened	N
a	N
lot	N
of	N
doors	N
.	N

She	N
had	N
parts	N
as	N
Paul	N
Reiser	N
's	N
daughter	C
in	N
Bye	N
Bye	N
Love	N
,	N
as	N
Cindy	N
Johnson	N
in	N
Race	N
the	N
Sun	N
,	N
and	N
roles	C
in	N
a	N
television	N
movie	N
and	N
a	N
short	N
film	N
.	N

After	N
completing	C
high	N
school	N
,	N
Dushku	N
returned	N
to	N
acting	N
with	N
the	N
role	N
of	N
Faith	N
on	N
Buffy	C
the	N
Vampire	C
Slayer	N
,	N
a	N
Slayer	N
much	N
more	N
troubled	C
than	N
the	N
main	N
character	C
Buffy	C
Summers	N
.	N

Tony	N
Teixeira	N
took	N
control	N
of	N
the	N
series	N
in	N
2006	N
,	N
leading	N
it	N
to	N
liquidation	C
by	N
2009	N
.	N

Once	N
the	N
series	N
had	N
received	N
the	N
backing	N
of	N
the	N
FIA	C
,	N
a	N
management	C
structure	C
including	N
new	N
executive	C
directors	N
Brian	N
Menell	N
and	N
Tony	N
Teixeira	C
were	N
appointed	C
to	N
oversee	C
the	N
sale	N
of	N
franchises	C
for	N
the	N
operation	C
of	N
international	N
teams	N
.	N

Nelson	N
Piquet	N
,	N
Jr	N
.	N
won	N
the	N
inaugural	C
race	N
of	N
the	N
series	N
for	N
A1	N
Team	N
Brazil	N
.	N

At	N
the	N
final	N
race	N
of	N
the	N
season	N
in	N
Shanghai	N
,	N
A1	N
Team	N
France	N
were	N
crowned	C
the	N
first-ever	C
A1	N
Grand	N
Prix	N
world	N
champions	N
with	N
172	N
points	N
.	N

The	N
2006-07	N
schedule	C
was	N
released	C
on	N
7	N
July	N
2006	N
,	N
with	N
the	N
first	N
race	N
at	N
Circuit	N
Park	N
Zandvoort	C
on	N
1	N
October	N
2006	N
,	N
and	N
the	N
last	N
race	N
at	N
Brands	N
Hatch	N
on	N
29	N
April	N
2007	N
.	N

Two	N
is	N
the	N
smallest	N
and	N
the	N
first	N
prime	C
number	N
,	N
and	N
the	N
only	N
even	N
prime	C
number	N
(	N
for	N
this	N
reason	N
it	N
is	N
sometimes	N
called	N
``	N
the	N
oddest	C
prime	C
''	N
)	N
.	N

Two	N
is	N
the	N
base	C
of	N
the	N
simplest	N
numeral	C
system	N
in	N
which	N
natural	N
numbers	N
can	N
be	N
written	C
concisely	C
,	N
being	N
the	N
length	C
of	N
the	N
number	N
a	N
logarithm	C
of	N
the	N
value	C
of	N
the	N
number	N
(	N
whereas	C
in	N
base	C
1	N
the	N
length	C
of	N
the	N
number	N
is	N
the	N
value	C
of	N
the	N
number	N
itself	N
)	N
;	N
the	N
binary	C
system	N
is	N
used	N
in	N
computers	N
.	N

Harju	C
County	C
(	N
Estonian	C
:	N
Harju	C
maakond	N
)	N
,	N
or	N
Harjumaa	C
(	N
German	N
:	N
Harrien	N
,	N
Latin	N
:	N
Harria	C
)	N
is	N
one	N
of	N
the	N
15	N
counties	N
of	N
Estonia	C
.	N

Mercuric	C
chloride	C
is	N
occasionally	C
used	N
to	N
form	N
an	N
amalgam	C
with	N
metals	N
,	N
such	N
as	N
aluminium	C
.	N

Although	N
the	N
term	N
altitude	C
is	N
commonly	N
used	N
to	N
mean	N
the	N
height	N
above	N
sea	N
level	N
of	N
a	N
location	N
,	N
in	N
geography	C
the	N
term	N
elevation	C
is	N
often	N
preferred	C
for	N
this	N
usage	C
.	N

The	N
statuette	C
given	N
,	N
a	N
nude	N
male	N
figure	N
holding	N
both	N
a	N
mask	C
of	N
comedy	N
and	N
a	N
mask	C
of	N
tragedy	C
,	N
is	N
called	N
``	N
The	N
Actor	N
''	N
.	N

The	N
second	N
SAG	N
awards	C
aired	C
live	N
from	N
the	N
Santa	N
Monica	N
Civic	N
Auditorium	C
,	N
while	N
subsequent	C
awards	C
have	N
been	N
held	C
at	N
the	N
Shrine	C
Exposition	C
Center	N
.	N

The	N
inaugural	C
SAG	N
Awards	N
aired	C
live	N
on	N
February	N
25	N
,	N
1995	N
from	N
Stage	N
12	N
,	N
Universal	C
Studios	N
.	N

It	N
is	N
16	N
inches	N
(	N
41	N
cm	N
)	N
tall	N
,	N
weighs	N
over	N
12	N
pounds	N
(	N
5.4	N
kg	N
)	N
,	N
is	N
cast	C
in	N
solid	N
bronze	C
,	N
and	N
produced	N
by	N
the	N
American	N
Fine	N
Arts	N
Foundry	C
in	N
Burbank	N
,	N
California	N
.	N

Aerospace	C
engineering	C
is	N
the	N
primary	C
branch	C
of	N
engineering	C
concerned	C
with	N
the	N
design	C
,	N
construction	C
,	N
and	N
science	C
of	N
aircraft	C
and	N
spacecraft	C
.	N

Although	N
it	N
is	N
commonly	N
believed	N
that	N
the	N
genus	C
was	N
named	N
by	N
Georges	N
Cuvier	N
in	N
1825	N
,	N
Cuvier	N
spelled	C
it	N
Loxodonte	C
.	N

An	N
anonymous	C
author	N
romanized	C
the	N
spelling	N
to	N
Loxodonta	C
and	N
the	N
International	N
Code	N
of	N
Zoological	C
Nomenclature	C
(	N
ICZN	N
)	N
recognizes	C
this	N
as	N
the	N
proper	N
authority	C
.	N

Fossil	C
members	N
of	N
Loxodonta	C
have	N
only	N
been	N
found	N
in	N
Africa	N
,	N
where	N
they	N
developed	C
in	N
the	N
middle	N
Pliocene	C
.	N

Males	N
stand	C
3.2-4	N
.0	N
m	N
(	N
10-13	N
ft	N
)	N
tall	N
at	N
the	N
shoulder	C
and	N
weigh	N
4,700-6	N
,048	N
kg	N
(	N
10,000-13	N
,330	N
lb	N
)	N
,	N
while	N
females	N
stand	C
2.2-2	N
.6	N
m	N
(	N
7.2-8	N
.5	N
ft	N
)	N
tall	N
and	N
weigh	N
2,160-3	N
,232	N
kg	N
(	N
4,800-7	N
,130	N
lb	N
)	N
.	N

The	N
natural	N
beauty	N
of	N
the	N
area	N
is	N
attracting	N
many	N
tourists	C
from	N
both	N
the	N
rest	N
of	N
Cuba	N
and	N
from	N
overseas	C
.	N

One	N
of	N
these	N
was	N
Oriente	C
province	C
,	N
which	N
was	N
,	N
prior	C
to	N
1905	N
,	N
known	N
as	N
Santiago	N
de	N
Cuba	N
province	C
.	N

The	N
economy	C
,	N
however	N
,	N
relies	C
mostly	N
on	N
agriculture	C
,	N
with	N
large	N
plantations	C
growing	N
bananas	N
,	N
cacao	N
,	N
and	N
coffee	N
dotting	C
the	N
landscape	C
.	N

Examples	N
of	N
such	N
organometallic	C
compounds	C
include	N
all	N
Gilman	N
reagents	C
,	N
which	N
contain	N
lithium	C
and	N
copper	C
.	N

For	N
example	N
,	N
hemoglobin	C
and	N
myoglobin	C
contain	N
an	N
iron	N
center	N
coordinated	C
to	N
the	N
nitrogen	C
atoms	N
of	N
a	N
porphyrin	C
ring	N
;	N
magnesium	C
is	N
the	N
center	N
of	N
a	N
chlorin	C
ring	N
in	N
chlorophyll	C
.	N

Organometallic	C
chemistry	C
is	N
the	N
study	N
of	N
chemical	N
compounds	C
containing	N
bonds	C
between	N
carbon	N
and	N
a	N
metal	N
.	N

While	N
it	N
is	N
possible	N
to	N
request	C
a	N
change	N
in	N
username	C
,	N
this	N
takes	N
a	N
little	N
longer	N
and	N
requires	N
that	N
a	N
user	N
with	N
bureaucrat	C
access	C
do	N
so	N
.	N

These	N
messages	N
should	N
include	N
the	N
names	N
or	N
abbreviations	C
of	N
those	N
of	N
our	N
site	N
rules	N
(	N
the	N
``	N
policies	C
and	N
guidelines	C
''	N
)	N
that	N
the	N
blocking	N
administrator	C
believes	C
you	N
have	N
violated	C
.	N

Whichever	C
method	N
you	N
choose	N
,	N
it	N
is	N
a	N
good	N
idea	N
to	N
have	N
some	N
review	N
of	N
the	N
proposed	N
new	N
username	N
first	N
,	N
to	N
avoid	N
ending	N
up	N
in	N
the	N
same	N
quandary	C
.	N

If	N
you	N
are	N
improperly	C
blocked	N
for	N
sockpuppetry	C
,	N
you	N
should	N
realize	N
that	N
it	N
may	N
not	N
always	N
be	N
easy	N
or	N
even	N
possible	N
to	N
correct	N
the	N
situation	N
.	N

Users	N
confirmed	C
or	N
believed	N
to	N
have	N
engaged	C
in	N
the	N
practice	N
must	N
request	N
unblock	C
at	N
their	N
main	N
account	N
.	N

Part	N
of	N
Oracle	C
Corporation	C
's	N
early	N
success	N
arose	C
from	N
using	N
the	N
C	N
programming	C
language	C
to	N
implement	C
its	N
products	N
.	N

He	N
heard	N
about	N
the	N
IBM	C
System	N
R	N
database	C
from	N
an	N
article	N
in	N
the	N
IBM	C
Research	N
Journal	C
provided	N
by	N
Ed	N
Oates	N
(	N
a	N
future	C
co-founder	C
of	N
Oracle	N
)	N
.	N

System	N
R	N
also	N
derived	C
from	N
Codd	N
's	N
theories	C
,	N
and	N
Ellison	N
wanted	N
to	N
make	N
Oracle	N
's	N
product	N
compatible	C
with	N
System	N
R	N
,	N
but	N
IBM	N
stopped	N
this	N
by	N
keeping	C
the	N
error	C
codes	N
for	N
their	N
DBMS	N
secret	N
.	N

Ellison	N
took	N
inspiration	C
from	N
the	N
1970	N
paper	N
written	N
by	N
Edgar	C
F	N
.	N
Codd	N
on	N
relational	C
database	N
management	C
systems	N
(	N
RDBMS	N
)	N
named	N
``	N
A	N
Relational	C
Model	C
of	N
Data	N
for	N
Large	N
Shared	N
Data	N
Banks	N
.	N
''	N

Larry	N
Ellison	N
,	N
a	N
co-founder	C
of	N
Oracle	N
,	N
has	N
served	N
as	N
Oracle	N
's	N
CEO	C
throughout	C
its	N
history	N
.	N

As	N
Richard	N
Pearce-Moses	N
wrote	N
,	N
``	N
Archivists	C
keep	N
records	N
that	N
have	N
enduring	C
value	N
as	N
reliable	C
memories	C
of	N
the	N
past	N
,	N
and	N
they	N
help	N
people	N
find	N
and	N
understand	N
the	N
information	C
they	N
need	N
in	N
those	N
records	N
.	N
''	N

Archivists	C
must	N
also	N
select	N
records	N
valuable	C
enough	N
to	N
justify	C
the	N
costs	N
of	N
storage	C
and	N
preservation	C
,	N
plus	N
the	N
labor	C
intensive	C
expenses	C
of	N
arrangement	C
,	N
description	C
,	N
and	N
reference	C
service	N
.	N

Voruzhonnije	N
Síly	N
Rossíyskoj	N
Federátsii	N
)	N
are	N
the	N
military	N
services	N
of	N
Russia	N
,	N
established	C
after	N
the	N
dissolution	C
of	N
the	N
Soviet	N
Union	N
.	N

As	N
the	N
Soviet	N
Union	N
officially	C
dissolved	C
on	N
December	N
31	N
,	N
1991	N
,	N
the	N
Soviet	N
military	N
was	N
left	N
in	N
limbo	C
.	N

On	N
7	N
May	N
1992	N
,	N
Yeltsin	N
appointed	C
himself	N
as	N
the	N
new	N
Russian	N
minister	N
of	N
defense	C
,	N
marking	N
a	N
crucial	C
step	N
in	N
the	N
creation	N
of	N
the	N
new	N
Armed	N
Forces	N
.	N

The	N
Art	N
Nouveau	C
style	N
however	N
,	N
was	N
one	N
that	N
Mucha	N
attempted	C
to	N
disassociate	C
himself	N
from	N
throughout	C
his	N
life	N
;	N
he	N
always	N
insisted	C
that	N
rather	N
than	N
maintaining	C
any	N
fashionable	C
stylistic	C
form	N
,	N
his	N
paintings	N
were	N
entirely	N
a	N
product	N
of	N
himself	N
and	N
Czech	C
art	N
.	N

He	N
declared	N
that	N
art	N
existed	N
only	N
to	N
communicate	C
a	N
spiritual	C
message	N
,	N
and	N
nothing	N
more	N
;	N
hence	C
his	N
frustration	C
at	N
the	N
fame	C
he	N
gained	N
by	N
his	N
commercial	C
art	N
,	N
when	N
he	N
most	N
wanted	N
to	N
concentrate	C
on	N
more	N
artistic	C
projects	N
.	N

The	N
American	N
Lacrosse	C
Conference	N
(	N
ALC	N
)	N
is	N
a	N
NCAA	N
Division	N
I	N
women	N
's	N
lacrosse-only	C
college	N
athletic	N
conference	C
whose	N
six	N
members	N
are	N
located	N
in	N
the	N
eastern	N
half	N
of	N
the	N
United	N
States	N
.	N

In	N
1989	N
,	N
through	N
the	N
leadership	C
of	N
President	N
Borislav	N
Stanković	N
,	N
FIBA	C
approved	N
the	N
rule	N
that	N
allowed	N
NBA	C
players	N
to	N
compete	C
in	N
international	C
tournaments	C
,	N
including	N
the	N
Olympics	N
.	N

His	N
masterpiece	C
is	N
the	N
Selimiye	C
Mosque	C
in	N
Edirne	C
,	N
although	N
his	N
most	N
famous	C
work	N
is	N
the	N
Suleiman	C
Mosque	C
in	N
Istanbul	N
.	N

Koca	N
Mi	N
'm	N
âr	N
Sinân	N
Âğâ	N
(	N
Ottoman	N
Turkish	N
:	N
معمار	N
سينان	N
;	N
Modern	N
Turkish	N
:	N
Mimar	N
Sinan	N
,	N
pronounced	C
(	N
miːˈmaːɾ	N
siˈnan	N
)	N
)	N
(	N
c	N
.	N
1489\/1490	N
-	N
July	N
17	N
,	N
1588	N
)	N
was	N
the	N
chief	N
Ottoman	N
architect	C
(	N
Turkish	N
:	N
``	N
Mimar	N
''	N
)	N
and	N
civil	N
engineer	C
for	N
sultans	C
Suleiman	C
the	N
Magnificent	C
,	N
Selim	N
II	N
,	N
and	N
Murad	N
III	N
.	N

The	N
Matrix	C
Reloaded	C
is	N
a	N
2003	N
American	N
science	N
fiction	C
action	C
film	N
and	N
the	N
second	N
installment	C
in	N
The	N
Matrix	C
trilogy	C
,	N
written	N
and	N
directed	N
by	N
The	N
Wachowski	C
Brothers	N
.	N

The	N
awarding	C
of	N
the	N
Order	N
is	N
administered	C
by	N
the	N
Decoration	C
Bureau	C
of	N
Office	N
of	N
the	N
Prime	N
Minister	N
.	N

Team	C
Germany	N
won	N
it	N
with	N
128	N
points	N
,	N
35	N
points	N
lead	C
ahead	C
of	N
Team	C
New	N
Zealand	N
.	N

The	N
2008-09	N
season	N
was	N
the	N
first	N
season	N
in	N
which	N
the	N
new	N
``	N
Powered	C
by	N
Ferrari	C
''	N
A1GP	N
car	N
was	N
used	N
.	N

The	N
opening	N
round	C
of	N
the	N
season	C
,	N
scheduled	C
as	N
part	N
of	N
the	N
already	N
well	N
established	C
Nikon	C
SuperGP	C
race	N
meeting	N
,	N
was	N
canceled	C
five	N
days	N
before	N
practice	C
was	N
due	C
to	N
begin	N
.	N

The	N
series	C
was	N
thrown	C
into	N
further	N
doubt	C
as	N
more	N
races	C
were	N
canceled	C
,	N
with	N
an	N
announcement	C
made	N
on	N
5	N
November	N
2009	N
stating	N
that	N
the	N
races	C
in	N
China	N
and	N
Malaysia	C
would	N
not	N
be	N
taking	N
place	N
.	N

This	N
put	N
an	N
end	N
to	N
the	N
hopes	N
the	N
season	N
would	N
start	N
and	N
also	N
put	N
the	N
future	N
of	N
the	N
series	C
in	N
doubt	C
.	N

Sites	C
rejected	C
at	N
this	N
shortlisting	C
phase	C
included	N
:	N
On	N
30	N
January	N
2007	N
it	N
was	N
announced	C
that	N
the	N
first	N
regional	C
casino	C
would	N
be	N
built	C
in	N
East	N
Manchester	N
near	N
the	N
City	N
of	N
Manchester	N
Stadium	C
.	N

This	N
was	N
regarded	C
as	N
a	N
shock	N
to	N
the	N
Blackpool	C
and	N
The	N
O2	N
(	N
formerly	N
the	N
Millennium	C
Dome	C
)	N
bids	C
,	N
both	N
of	N
whom	C
were	N
regarded	C
as	N
the	N
favorites	C
.	N

The	N
first	N
regional	C
casino	C
was	N
initially	C
proposed	C
to	N
be	N
in	N
the	N
City	N
of	N
Manchester	N
,	N
but	N
this	N
has	N
since	N
been	N
scrapped	C
by	N
the	N
UK	N
government	C
soon	N
after	N
Gordon	N
Brown	N
became	N
Prime	N
Minister	N
of	N
the	N
United	N
Kingdom	N
.	N

John	N
Herbert	N
``	N
Jackie	N
''	N
Gleason	N
(	N
February	N
26	N
,	N
1916	N
-	N
June	N
24	N
,	N
1987	N
)	N
was	N
an	N
American	N
comedian	C
,	N
actor	N
and	N
musician	N
.	N

Afterwards	C
large	N
parts	N
belonged	C
to	N
the	N
duchy	C
of	N
Mecklenburg-Schwerin	N
,	N
a	N
small	N
portion	C
to	N
the	N
duchy	C
of	N
Mecklenburg-Strelitz	N
(	N
see	N
Mecklenburg	N
)	N
.	N

The	N
district	C
of	N
Güstrow	N
was	N
established	C
in	N
1994	N
by	N
merging	C
the	N
former	N
districts	C
of	N
Güstrow	N
,	N
Teterow	N
and	N
Bützow	N
.	N

From	N
1621	N
to	N
1695	N
the	N
present-day	C
district	C
was	N
occupied	C
by	N
the	N
small	N
duchy	C
of	N
Mecklenburg-Güstrow	N
.	N

On	N
such	N
occasions	C
,	N
when	N
he	N
awakened	C
,	N
his	N
straw	C
was	N
changed	N
and	N
his	N
hair	N
and	N
nails	C
were	N
cut	N
.	N

The	N
letter	N
stated	N
that	N
the	N
boy	N
would	N
now	N
like	N
to	N
be	N
a	N
cavalryman	C
``	N
as	N
his	N
father	N
was	N
''	N
and	N
invited	C
the	N
captain	N
either	N
to	N
take	N
him	N
in	N
or	N
to	N
hang	C
him	N
.	N

The	N
skin	N
is	N
covered	N
in	N
chromatophores	C
,	N
which	N
enable	C
the	N
squid	C
to	N
change	N
color	N
to	N
suit	N
its	N
surroundings	C
,	N
making	N
it	N
practically	C
invisible	C
.	N

Squid	C
,	N
like	N
cuttlefish	C
,	N
have	N
eight	N
arms	N
arranged	C
in	N
pairs	N
and	N
two	N
,	N
usually	N
longer	N
,	N
tentacles	C
.	N

The	N
construction	C
is	N
of	N
the	N
Italian	N
Renaissance	C
style	N
and	N
was	N
built	N
in	N
the	N
late	N
17th	N
century	N
.	N

Church	N
of	N
El	N
Sagrario	N
In	N
colonial	C
times	N
,	N
the	N
Church	N
of	N
El	N
Sagrario	N
was	N
one	N
of	N
the	N
largest	N
architectural	C
marvels	C
of	N
Quito	N
.	N

There	N
are	N
about	N
130	N
monumental	C
buildings	N
(	N
which	N
hosts	N
a	N
variety	N
of	N
pictorial	C
art	N
and	N
sculpture	C
,	N
mostly	N
of	N
religious	N
inspired	N
in	N
a	N
multi-faceted	C
range	N
of	N
schools	N
and	N
styles	N
)	N
and	N
5,000	N
properties	N
registered	N
in	N
the	N
municipal	C
inventory	C
of	N
heritage	C
properties	N
.	N

He	N
then	N
moved	C
to	N
Europe	N
,	N
signing	C
with	N
the	N
Manchester	C
Phoenix	C
in	N
the	N
summer	N
of	N
2007	N
to	N
play	N
under	N
Tony	N
Hand	N
.	N

On	N
7	N
May	N
2009	N
he	N
left	C
Hockey	N
Club	N
Pustertal-Val	N
Pusteria	C
and	N
signed	C
a	N
contract	C
with	N
HC	N
Eppan	C
Pirats	N
Internorm	C
.	N

In	N
April	N
2008	N
it	N
was	N
announced	C
that	N
Tallari	N
would	N
leave	N
Manchester	N
to	N
sign	C
for	N
the	N
Hockey	N
Club	N
Pustertal-Val	C
Pusteria	N
to	N
try	N
to	N
qualify	C
for	N
the	N
Italian	N
national	N
team	N
.	N

He	N
stayed	C
for	N
just	N
one	N
season	C
before	N
moving	N
to	N
the	N
Johnstown	N
Chiefs	N
of	N
the	N
ECHL	N
,	N
where	N
he	N
topped	C
the	N
50	N
point	N
margin	C
.	N

Over	N
the	N
following	N
three	N
seasons	C
,	N
Tallari	C
switched	C
between	N
teams	N
in	N
the	N
ECHL	N
and	N
the	N
AHL	N
,	N
with	N
stints	C
at	N
the	N
Cleveland	N
Barons	N
,	N
the	N
Bridgeport	C
Sound	N
Tigers	N
(	N
on	N
two	N
occasions	C
)	N
and	N
the	N
Las	N
Vegas	N
Wranglers	C
.	N

Amongst	C
the	N
most	N
controversial	C
provisions	C
was	N
the	N
establishment	C
of	N
a	N
number	N
of	N
`	N
destination	C
casinos	C
'	N
in	N
the	N
style	N
of	N
Las	N
Vegas	N
,	N
commonly	N
referred	C
to	N
in	N
the	N
media	C
as	N
`	N
super	N
casinos	C
'	N
Initial	C
drafts	C
of	N
the	N
act	N
proposed	C
eight	N
regional	C
casinos	C
but	N
concerns	C
expressed	C
in	N
the	N
national	N
media	C
and	N
by	N
a	N
range	C
of	N
addiction	C
related	N
social	N
and	N
religious	C
groups	N
meant	C
that	N
the	N
final	N
revision	C
of	N
the	N
act	N
permitted	C
only	N
one	N
casino	N
of	N
the	N
largest	N
size	N
,	N
referred	C
to	N
as	N
a	N
`	N
regional	C
casino	N
'	N
,	N
with	N
a	N
further	N
eight	N
`	N
large	N
'	N
and	N
eight	N
`	N
small	N
'	N
casinos	C
of	N
a	N
smaller	N
sizes	N
and	N
with	N
reduced	N
jackpot	C
limits	N
.	N

In	N
May	N
2006	N
,	N
a	N
short-list	C
of	N
eight	N
sites	N
,	N
selected	N
from	N
various	C
ones	N
submitted	C
by	N
local	N
councils	C
,	N
was	N
announced	C
for	N
the	N
location	N
of	N
the	N
regional	C
casino	N
.	N

The	N
Screen	N
Actors	N
Guild	C
Award	N
(	N
also	N
known	N
as	N
the	N
SAG	N
Award	N
)	N
is	N
an	N
accolade	C
given	N
by	N
the	N
Screen	N
Actors	N
Guild‐American	C
Federation	C
of	N
Television	N
and	N
Radio	N
Artists	N
(	N
SAG-AFTRA	N
)	N
to	N
recognize	C
outstanding	C
performances	N
in	N
film	N
and	N
primetime	C
television	N
.	N

Nominations	C
for	N
the	N
awards	N
come	N
from	N
two	N
committees	C
,	N
one	N
for	N
film	N
and	N
one	N
for	N
television	N
,	N
each	N
numbering	N
2100	N
members	N
of	N
the	N
union	C
,	N
randomly	C
selected	N
anew	C
each	N
year	N
,	N
with	N
the	N
full	N
membership	N
(	N
165,000	N
as	N
of	N
2012	N
)	N
available	N
to	N
vote	N
for	N
the	N
winners	C
.	N

In	N
1708	N
,	N
Peter	N
the	N
Great	N
gave	N
the	N
estate	C
to	N
his	N
wife	N
,	N
the	N
future	N
Empress	C
Catherine	N
I	N
,	N
as	N
a	N
present	N
.	N

It	N
was	N
Catherine	N
I	N
who	N
started	N
to	N
develop	C
the	N
place	N
as	N
a	N
royal	C
country	N
residence	C
.	N

At	N
a	N
distance	N
of	N
about	N
6.5	N
light	N
years	N
,	N
the	N
nearest	N
known	N
brown	N
dwarf	C
is	N
Luhman	C
16	N
,	N
a	N
binary	C
system	N
of	N
brown	N
dwarfs	N
discovered	N
in	N
2013	N
.	N

In	N
other	N
words	N
,	N
the	N
detection	C
of	N
lithium	C
in	N
the	N
atmosphere	C
of	N
a	N
candidate	C
object	N
ensures	C
that	N
,	N
as	N
long	N
as	N
it	N
is	N
older	N
than	N
the	N
relatively	C
young	N
age	N
of	N
100	N
Myr	C
,	N
it	N
is	N
a	N
brown	N
dwarf	N
.	N

The	N
most	N
notable	C
of	N
these	N
objects	N
was	N
the	N
latter	C
,	N
which	N
was	N
found	N
to	N
have	N
a	N
temperature	C
and	N
luminosity	C
well	N
below	N
the	N
stellar	C
range	C
.	N

About	N
a	N
Girl	N
is	N
a	N
Canadian	C
comedy	N
series	N
which	N
premiered	C
on	N
October	N
5	N
,	N
2007	N
on	N
The	N
N	N
in	N
the	N
U.S	N
.	N
and	N
Global	N
in	N
Canada	N
.	N

It	N
was	N
the	N
first	N
scripted	C
comedy	N
for	N
The	N
N	N
.	N

The	N
series	C
ended	N
with	N
13	N
episodes	C
in	N
its	N
only	N
season	N
.	N

Under	N
the	N
name	N
of	N
Liam	N
Donnelly	N
's	N
solution	C
,	N
it	N
was	N
once	N
recommended	C
to	N
treat	N
rheumatism	C
,	N
arthritis	C
,	N
malaria	C
,	N
trypanosome	C
infections	C
,	N
tuberculosis	C
,	N
and	N
diabetes	C
.	N

It	N
was	N
found	N
hidden	C
within	N
the	N
walls	N
of	N
a	N
much	N
larger	N
and	N
more	N
recent	N
building	N
that	N
was	N
being	N
used	N
by	N
the	N
Papal	N
Nuncio	C
until	N
1978	N
.	N

At	N
that	N
time	N
,	N
the	N
more	N
recent	N
and	N
larger	N
building	N
was	N
deemed	C
structurally	C
irreparable	C
due	N
to	N
dry	N
rot	C
.	N

The	N
castle	N
was	N
later	N
incorporated	C
into	N
the	N
construction	C
of	N
Ashtown	N
Lodge	N
which	N
was	N
to	N
serve	N
as	N
the	N
official	C
residence	N
of	N
the	N
Under	N
Secretary	N
from	N
1782	N
.	N

Prior	N
to	N
the	N
introduction	C
of	N
antivenom	C
,	N
envenomation	C
resulted	N
in	N
significant	C
morbidity	C
and	N
mortality	C
.	N

,	N
also	N
spelled	N
adzuki	N
or	N
aduki	N
)	N
is	N
an	N
annual	N
vine	C
,	N
Vigna	N
angularis	N
,	N
widely	N
grown	N
throughout	N
East	N
Asia	N
and	N
the	N
Himalayas	N
for	N
its	N
small	N
(	N
approximately	C
5	N
mm	N
)	N
bean	C
.	N

It	N
is	N
known	N
from	N
a	N
well	N
preserved	C
partial	C
skeleton	C
that	N
includes	N
four	N
long	N
feathers	C
on	N
the	N
tail	C
,	N
composed	C
of	N
a	N
central	N
rachis	C
and	N
vanes	C
.	N

Zhang	N
et	N
al	N
.	N
suggest	N
that	N
unless	N
Epidexipteryx	C
evolved	C
from	N
flying	N
ancestors	C
and	N
subsequently	C
lost	N
its	N
wings	C
,	N
this	N
may	N
indicate	C
that	N
advanced	N
display	N
feathers	N
on	N
the	N
tail	N
may	N
have	N
predated	C
flying	N
or	N
gliding	C
flight	N
.	N

It	N
had	N
teeth	C
only	N
in	N
the	N
front	N
of	N
the	N
jaws	C
,	N
with	N
unusually	C
long	N
front	N
teeth	C
angled	C
forward	N
,	N
a	N
feature	C
only	N
seen	N
in	N
Masiakasaurus	C
among	N
other	N
theropods	C
.	N

In	N
all	N
,	N
the	N
skeleton	N
of	N
Epidexipteryx	C
hui	C
measures	N
25	N
centimeters	N
(	N
10	N
inches	N
)	N
in	N
length	N
(	N
44.5	N
cm	N
or	N
17.5	N
in	N
including	N
the	N
incomplete	N
tail	N
feathers	N
)	N
,	N
and	N
the	N
authors	N
estimated	C
a	N
weight	C
of	N
164	N
grams	N
,	N
smaller	N
than	N
most	N
other	N
basal	C
avialans	C
.	N

Observers	C
have	N
noted	N
that	N
his	N
style	N
is	N
similar	N
to	N
Blek	N
le	N
Rat	N
,	N
who	N
began	N
to	N
work	N
with	N
stencils	C
in	N
1981	N
in	N
Paris	N
.	N

Such	N
artistic	C
works	N
of	N
political	C
and	N
social	N
commentary	C
have	N
been	N
featured	C
on	N
streets	N
,	N
walls	N
,	N
and	N
bridges	C
of	N
cities	N
throughout	C
the	N
world	N
.	N

Water	N
flowing	C
out	N
of	N
bogs	C
has	N
a	N
characteristic	C
brown	N
color	N
,	N
which	N
comes	N
from	N
dissolved	C
peat	C
tannins	C
.	N

In	N
general	N
the	N
low	N
fertility	C
and	N
cool	N
climate	C
results	N
in	N
relatively	C
slow	N
plant	N
growth	C
,	N
but	N
decay	C
is	N
even	N
slower	N
owing	C
to	N
the	N
saturated	C
soil	C
.	N

Bogs	C
have	N
distinctive	C
assemblages	C
of	N
plant	N
and	N
animal	N
species	C
and	N
are	N
of	N
high	N
importance	N
for	N
biodiversity	C
,	N
particularly	C
in	N
landscapes	C
that	N
are	N
otherwise	N
settled	C
and	N
farmed	C
.	N

Bogs	C
occur	N
where	N
the	N
water	N
at	N
the	N
ground	N
surface	N
is	N
acidic	C
and	N
low	N
in	N
nutrients	C
.	N

The	N
following	C
year	N
,	N
she	N
played	N
the	N
teenage	C
daughter	C
of	N
Arnold	N
Schwarzenegger	N
and	N
Jamie	N
Lee	N
Curtis	N
in	N
True	N
Lies	C
.	N

She	N
appeared	C
in	N
the	N
Simple	N
Plan	N
music	N
video	N
,	N
``	N
I	N
'm	N
Just	N
a	N
Kid	C
''	N
,	N
as	N
the	N
band	C
's	N
love	N
interest	N
,	N
as	N
well	N
as	N
Nickelback	C
's	N
video	N
for	N
``	N
Rockstar	C
''	N
.	N

Variety	C
announced	C
on	N
August	N
2	N
,	N
2006	N
,	N
that	N
Dushku	N
would	N
co-star	C
with	N
Macaulay	N
Culkin	N
in	N
Sex	N
and	N
Breakfast	N
,	N
a	N
dark	C
comedy	C
written	N
and	N
directed	C
by	N
Miles	N
Brandman	N
.	N

The	N
movie	N
was	N
released	C
in	N
Los	N
Angeles	N
on	N
November	N
30	N
,	N
2007	N
,	N
and	N
on	N
DVD	C
on	N
January	N
22	N
,	N
2008	N
.	N

The	N
same	N
year	N
,	N
Kevin	N
Smith	N
invited	C
Dushku	C
to	N
be	N
a	N
part	N
of	N
Jay	N
and	N
Silent	N
Bob	N
Strike	N
Back	N
.	N

This	N
is	N
done	N
because	N
it	N
is	N
the	N
account	N
name	N
,	N
not	N
the	N
behavior	C
of	N
the	N
person	N
behind	N
it	N
,	N
which	N
is	N
the	N
problem	N
.	N

Before	N
you	N
make	N
an	N
unblock	C
request	N
,	N
you	N
should	N
attentively	C
read	N
the	N
policies	C
and	N
guidelines	C
named	N
in	N
your	N
block	N
reason	N
.	N

An	N
account	N
with	N
a	N
username	C
that	N
uses	N
hateful	C
or	N
obscene	C
language	N
or	N
otherwise	N
indicates	C
disruptive	C
or	N
provocative	C
intent	C
will	N
be	N
hard	N
blocked	N
,	N
meaning	N
that	N
an	N
unblock	N
request	N
will	N
be	N
required	N
.	N

If	N
your	N
server	N
has	N
been	N
blocked	N
as	N
an	N
open	N
proxy	C
,	N
you	N
will	N
probably	C
need	N
to	N
edit	N
via	C
another	N
connection	C
:	N
in	N
most	N
cases	N
,	N
proxies	C
are	N
``	N
hard	N
blocked	N
''	N
,	N
which	N
prevents	N
even	N
logged-in	C
users	N
from	N
using	N
the	N
connection	C
to	N
edit	N
.	N

Reviewing	C
admins	C
will	N
usually	N
defer	C
to	N
the	N
blocking	N
admin	N
in	N
a	N
sockpuppetry-based	C
block	N
,	N
especially	N
if	N
the	N
sock	N
account	N
has	N
minimal	C
edits	N
.	N

ACF	C
Fiorentina	C
,	N
commonly	N
referred	C
to	N
as	N
simply	N
Fiorentina	C
,	N
is	N
a	N
professional	C
Italian	N
football	N
club	N
from	N
Florence	N
,	N
Tuscany	N
.	N

Fiorentina	N
have	N
won	N
two	N
Italian	N
Championships	C
,	N
in	N
1955-56	N
and	N
again	N
in	N
1968-69	N
,	N
as	N
well	N
as	N
winning	N
six	N
Coppa	C
Italia	N
trophies	C
and	N
one	N
Italian	N
Super	N
Cup	N
.	N

Fiorentina	N
are	N
known	N
widely	C
by	N
the	N
nickname	C
Viola	N
,	N
a	N
reference	C
to	N
their	N
distinctive	C
purple	C
colors	N
.	N

A1	N
Grand	N
Prix	N
(	N
A1GP	N
)	N
was	N
a	N
`	N
single	N
make	N
'	N
open-wheel	C
auto	N
racing	N
series	C
.	N

It	N
was	N
unique	C
in	N
its	N
field	N
in	N
that	N
competitors	C
solely	C
represented	C
their	N
nation	N
as	N
opposed	C
to	N
themselves	N
or	N
a	N
team	N
,	N
the	N
usual	N
format	C
in	N
most	N
formula	C
racing	N
series	N
.	N

The	N
nation-based	C
A1GP	N
concept	C
was	N
founded	N
by	N
Sheikh	N
Maktoum	N
Hasher	N
Maktoum	N
Al	N
Maktoum	N
of	N
Dubai	N
,	N
initially	C
in	N
2003	N
.	N

The	N
spectrum	C
of	N
the	N
companion	C
GD	N
165B	N
was	N
very	N
red	N
and	N
enigmatic	C
,	N
showing	N
none	N
of	N
the	N
features	N
expected	N
of	N
a	N
low-mass	C
red	N
dwarf	C
star	N
.	N

The	N
difference	N
between	N
a	N
very-low-mass	C
brown	N
dwarf	C
and	N
a	N
giant	N
planet	C
(	N
~	N
13	N
Jupiter	N
masses	N
)	N
has	N
been	N
recently	N
debated	C
.	N

Early	N
theories	C
concerning	C
the	N
nature	N
of	N
the	N
lowest-mass	C
stars	N
and	N
the	N
hydrogen-burning	C
limit	N
suggested	C
that	N
a	N
Population	C
I	N
object	N
with	N
a	N
mass	N
less	N
than	N
0.07	N
solar	N
masses	N
or	N
a	N
Population	C
II	N
object	N
less	N
than	N
0.09	N
solar	N
masses	N
would	N
never	N
go	N
through	N
normal	N
stellar	C
evolution	C
and	N
would	N
become	N
a	N
completely	N
degenerate	C
star	N
(	N
Kumar	N
1963	N
)	N
.	N

True	N
stars	N
burn	N
their	N
lithium	C
within	N
a	N
little	N
over	N
100	N
Myr	C
,	N
whereas	C
brown	N
dwarfs	N
(	N
which	N
can	N
,	N
confusingly	C
,	N
have	N
temperatures	N
and	N
luminosities	C
similar	N
to	N
true	N
stars	N
)	N
will	N
not	N
.	N

It	N
was	N
located	N
in	N
central	N
Tasmania	C
,	N
and	N
was	N
named	N
after	N
Sir	N
John	N
Eardley-Wilmot	N
,	N
the	N
sixth	N
Lieutenant-Governor	C
of	N
Tasmania	C
.	N

At	N
various	C
times	N
it	N
included	N
the	N
towns	N
of	N
Deloraine	N
,	N
Beaconsfield	N
,	N
Devonport	N
,	N
Latrobe	N
,	N
and	N
New	N
Norfolk	N
.	N

The	N
stretch	C
of	N
DNA	C
transcribed	C
into	N
an	N
RNA	C
molecule	C
is	N
called	N
a	N
transcription	C
unit	N
and	N
encodes	C
at	N
least	N
one	N
gene	C
.	N

The	N
other	N
DNA	N
strand	C
(	N
the	N
non-template	C
strand	C
)	N
is	N
called	N
the	N
coding	N
strand	C
,	N
because	N
its	N
sequence	C
is	N
the	N
same	N
as	N
the	N
newly	N
created	N
RNA	N
transcript	C
(	N
except	N
for	N
the	N
substitution	C
of	N
uracil	C
for	N
thymine	C
)	N
.	N

During	N
transcription	C
,	N
a	N
DNA	N
sequence	C
is	N
read	N
by	N
an	N
RNA	N
polymerase	C
,	N
which	N
produces	N
a	N
complementary	C
,	N
antiparallel	C
RNA	N
strand	N
called	N
a	N
primary	N
transcript	C
.	N

Alchemical	C
symbolism	C
has	N
been	N
used	N
by	N
psychologists	C
such	N
as	N
Carl	N
Jung	N
who	N
reexamined	C
alchemical	C
symbolism	C
and	N
theory	C
and	N
presented	N
the	N
inner	C
meaning	N
of	N
alchemical	C
work	N
as	N
a	N
spiritual	C
path	C
.	N

The	N
plot	C
was	N
originally	N
taken	N
from	N
-	N
but	N
partly	N
altered	C
for	N
better	N
conformity	C
-	N
Ludovico	N
Ariosto	N
's	N
Orlando	N
furioso	N
(	N
like	N
those	N
of	N
the	N
Handel	N
operas	N
Orlando	N
and	N
Ariodante	N
)	N
,	N
an	N
epic	C
poem	N
set	N
in	N
the	N
time	N
of	N
Charlemagne	N
's	N
wars	N
against	N
Islam	N
.	N

The	N
opera	C
contains	N
several	N
musical	N
sequences	C
with	N
opportunity	C
for	N
dance	N
:	N
these	N
were	N
composed	C
for	N
dancer	N
Marie	N
Sallé	N
.	N

The	N
Australian	N
soprano	C
Joan	N
Sutherland	N
sang	N
the	N
role	N
in	N
a	N
production	C
by	N
Franco	N
Zeffirelli	N
in	N
which	N
she	N
made	N
her	N
debut	C
at	N
La	N
Fenice	N
in	N
February	N
1960	N
and	N
at	N
the	N
Dallas	N
Opera	N
in	N
November	N
of	N
that	N
year	N
.	N

These	N
mountain	N
chains	C
are	N
separated	N
from	N
each	N
other	N
by	N
several	N
tributaries	C
of	N
the	N
Rhine	N
:	N
the	N
Mosel	N
,	N
the	N
Lahn	N
,	N
and	N
the	N
Nahe	N
.	N

Located	N
in	N
western	N
Germany	N
,	N
the	N
Rhineland-Palatinate	C
borders	C
(	N
from	N
the	N
north	N
and	N
clockwise	C
)	N
the	N
German	N
Bundesländer	C
North	N
Rhine-Westphalia	N
,	N
Hesse	N
,	N
and	N
Baden-Württemberg	C
.	N

The	N
Rhine	N
Valley	N
is	N
bounded	C
by	N
mountain	N
chains	N
and	N
it	N
containins	C
several	N
of	N
the	N
historically	C
significant	C
places	N
in	N
Germany	N
.	N

Pygmalion	C
is	N
a	N
play	N
by	N
George	N
Bernard	N
Shaw	N
,	N
named	N
after	N
a	N
Greek	N
mythological	C
character	N
.	N

Santiago	N
de	N
Cuba	N
province	C
has	N
been	N
the	N
site	C
of	N
many	N
battles	N
,	N
both	N
during	N
the	N
war	N
for	N
independence	C
and	N
the	N
1959	N
Cuban	N
Revolution	C
,	N
where	N
much	N
of	N
the	N
guerrilla	C
fighting	C
took	N
place	N
in	N
the	N
mountainous	C
province	C
.	N

Santiago	C
de	N
Cuba	N
Province	C
is	N
the	N
second	N
most	N
populated	C
province	N
in	N
the	N
island	N
of	N
Cuba	N
.	N

It	N
occurs	C
as	N
far	N
east	N
as	N
India	N
and	N
western	N
Saudi	N
Arabia	N
,	N
and	N
as	N
far	N
west	N
as	N
the	N
Canary	C
Islands	N
and	N
Azores	C
.	N

There	N
are	N
several	N
generations	C
of	N
Acherontia	C
atropos	C
per	N
year	N
,	N
with	N
continuous	C
broods	C
in	N
Africa	N
.	N

Eggs	N
are	N
laid	N
singly	C
under	N
old	N
leaves	N
of	N
Solanaceae	C
:	N
potato	N
especially	N
,	N
but	N
also	N
Physalis	C
and	N
other	N
nightshades	C
.	N

The	N
newly-hatched	C
larva	C
starts	N
out	N
a	N
light	N
shade	N
of	N
green	N
but	N
darkens	N
after	N
feeding	N
,	N
with	N
yellow	N
stripes	C
diagonally	C
on	N
the	N
sides	N
.	N

In	N
the	N
third	N
instar	C
,	N
purple	N
or	N
blue	N
edging	C
develops	N
on	N
the	N
yellow	N
stripes	C
and	N
the	N
tail	N
horn	C
turns	N
from	N
black	N
to	N
yellow	N
.	N

The	N
larva	C
grows	N
to	N
about	N
120-130	N
mm	N
,	N
and	N
pupates	C
in	N
an	N
underground	C
chamber	C
.	N

An	N
actor	N
(	N
sometimes	N
actress	N
for	N
female	N
;	N
see	N
terminology	C
)	N
is	N
a	N
person	N
who	N
acts	N
in	N
a	N
dramatic	C
or	N
comic	C
production	C
and	N
who	N
works	N
in	N
film	N
,	N
television	N
,	N
theater	N
,	N
or	N
radio	N
in	N
that	N
capacity	C
.	N
